coletado_em,colecao,numero,nome_en,nome_pt,preco_min,preco_medio,preco_max
2026-09-23T17:41:33-03:00,30C,001,Exeggcute (#001/128),Exeggcute,1.0,2.3,5.9
2026-09-23T17:41:33-03:00,30C,002,Alolan Exeggutor (#002/128),Exeggutor de Alola,1.72,2.81,5.9
2026-09-23T17:41:33-03:00,30C,003,Volbeat (#003/128),Volbeat,0.96,2.29,5.9
2026-09-23T17:41:33-03:00,30C,004,Illumise (#004/128),Illumise,0.96,2.1,5.9
2026-09-23T17:41:33-03:00,30C,005,Tropius (#005/128),Tropius,0.96,2.0,7.0
2026-09-23T17:41:33-03:00,30C,006,Cherubi (#006/128),Cherubi,0.96,2.02,5.9
2026-09-23T17:41:33-03:00,30C,007,Cherrim (#007/128),Cherrim,0.97,2.24,5.9
2026-09-23T17:41:33-03:00,30C,008,Vivillon (#008/128),Vivillon,1.29,2.36,5.9
2026-09-23T17:41:33-03:00,30C,009,Vulpix (#009/128),Vulpix,0.97,2.67,9.9
2026-09-23T17:41:33-03:00,30C,010,Ninetales (#010/128),Ninetales,1.5,2.81,5.9
2026-09-23T17:41:33-03:00,30C,011,Moltres (#011/128),Moltres,2.0,5.1,14.9
2026-09-23T17:41:33-03:00,30C,012,Ho-Oh (#012/128),Ho-Oh,1.88,4.72,9.9
2026-09-23T17:41:33-03:00,30C,013,Victini (#013/128),Victini,1.5,2.72,9.9
2026-09-23T17:41:33-03:00,30C,014,Reshiram (#014/128),Reshiram,0.96,2.73,8.9
2026-09-23T17:41:33-03:00,30C,015,Fuecoco ex (#015/128),Fuecoco ex,4.99,9.78,39.9
2026-09-23T17:41:33-03:00,30C,016,Slowpoke (#016/128),Slowpoke,0.97,3.09,11.9
2026-09-23T17:41:33-03:00,30C,017,Lapras (#017/128),Lapras,0.96,4.0,19.9
2026-09-23T17:41:33-03:00,30C,018,Articuno (#018/128),Articuno,2.5,11.16,34.9
2026-09-23T17:41:33-03:00,30C,019,Kyogre (#019/128),Kyogre,0.96,5.67,9.9
2026-09-23T17:41:33-03:00,30C,020,Palkia (#020/128),Palkia,1.5,3.37,9.9
2026-09-23T17:41:33-03:00,30C,021,Greninja ex (#021/128),Greninja ex,11.25,18.06,39.9
2026-09-23T17:41:33-03:00,30C,022,Wishiwashi (#022/128),Wishiwashi,0.96,2.05,5.9
2026-09-23T17:41:33-03:00,30C,023,Pikachu (#023/128),Pikachu,9.96,20.67,39.9
2026-09-23T17:41:33-03:00,30C,024,Pikachu (#024/128),Pikachu,9.5,19.92,39.9
2026-09-23T17:41:33-03:00,30C,025,Pikachu (#025/128),Pikachu,7.9,19.02,39.9
2026-09-23T17:41:33-03:00,30C,026,Pikachu (#026/128),Pikachu,12.98,23.42,59.9
2026-09-23T17:41:33-03:00,30C,027,Pikachu (#027/128),Pikachu,17.95,35.02,69.89
2026-09-23T17:41:33-03:00,30C,028,Pikachu (#028/128),Pikachu,19.99,27.62,99.9
2026-09-23T17:41:33-03:00,30C,029,Pikachu (#029/128),Pikachu,9.5,28.96,65.0
2026-09-23T17:41:33-03:00,30C,030,Pikachu (#030/128),Pikachu,9.5,18.24,39.9
2026-09-23T17:41:33-03:00,30C,031,Pikachu (#031/128),Pikachu,10.95,20.67,39.9
2026-09-23T17:41:33-03:00,30C,032,Pikachu (#032/128),Pikachu,19.0,52.34,89.9
2026-09-23T17:41:33-03:00,30C,033,Pikachu (#033/128),Pikachu,9.5,20.25,39.9
2026-09-23T17:41:33-03:00,30C,034,Pikachu (#034/128),Pikachu,14.88,66.63,99.9
2026-09-23T17:41:33-03:00,30C,035,Pikachu (#035/128),Pikachu,12.0,24.89,39.9
2026-09-23T17:41:33-03:00,30C,036,Pikachu (#036/128),Pikachu,14.0,30.22,89.9
2026-09-23T17:41:33-03:00,30C,037,Pikachu (#037/128),Pikachu,9.5,30.91,79.9
2026-09-23T17:41:33-03:00,30C,038,Pikachu (#038/128),Pikachu,9.5,26.49,99.9
2026-09-23T17:41:33-03:00,30C,039,Pikachu (#039/128),Pikachu,13.98,27.39,39.9
2026-09-23T17:41:33-03:00,30C,040,Pikachu (#040/128),Pikachu,19.98,55.9,120.0
2026-09-23T17:41:33-03:00,30C,041,Pikachu (#041/128),Pikachu,10.46,19.95,39.9
2026-09-23T17:41:33-03:00,30C,042,Pikachu (#042/128),Pikachu,9.5,20.65,39.9
2026-09-23T17:41:33-03:00,30C,043,Pikachu (#043/128),Pikachu,14.98,25.61,39.9
2026-09-23T17:41:33-03:00,30C,044,Pikachu (#044/128),Pikachu,9.5,25.57,39.9
2026-09-23T17:41:33-03:00,30C,045,Pikachu (#045/128),Pikachu,9.9,22.0,89.9
2026-09-23T17:41:33-03:00,30C,046,Pikachu (#046/128),Pikachu,13.89,22.23,39.9
2026-09-23T17:41:33-03:00,30C,047,Pikachu (#047/128),Pikachu,9.5,19.94,39.9
2026-09-23T17:41:33-03:00,30C,048,Pikachu (#048/128),Pikachu,9.9,25.29,99.9
2026-09-23T17:41:33-03:00,30C,049,Pikachu (#049/128),Pikachu,9.5,19.58,39.9
2026-09-23T17:41:33-03:00,30C,050,Pikachu (#050/128),Pikachu,9.9,30.21,99.9
2026-09-23T17:41:33-03:00,30C,051,Pikachu (#051/128),Pikachu,10.9,19.65,39.9
2026-09-23T17:41:33-03:00,30C,052,Pikachu (#052/128),Pikachu,13.87,23.15,99.9
2026-09-23T17:41:33-03:00,30C,053,Pikachu ex (#053/128),Pikachu ex,17.99,29.75,51.9
2026-09-23T17:41:33-03:00,30C,054,Pikachu ex (#054/128),Pikachu ex,19.5,31.95,51.9
2026-09-23T17:41:33-03:00,30C,055,Zapdos (#055/128),Zapdos,1.72,8.97,14.9
2026-09-23T17:41:33-03:00,30C,056,Zekrom (#056/128),Zekrom,0.96,2.86,14.9
2026-09-23T17:41:33-03:00,30C,057,Zeraora (#057/128),Zeraora,1.3,2.81,7.0
2026-09-23T17:41:33-03:00,30C,058,Toxel (#058/128),Toxel,0.96,1.92,5.9
2026-09-23T17:41:33-03:00,30C,059,Toxtricity (#059/128),Toxtricity,1.0,2.43,5.9
2026-09-23T17:41:33-03:00,30C,060,Toxtricity (#060/128),Toxtricity,1.0,2.57,5.9
2026-09-23T17:41:33-03:00,30C,061,Morpeko (#061/128),Morpeko,0.96,2.49,5.9
2026-09-23T17:41:33-03:00,30C,062,Miraidon (#062/128),Miraidon,0.98,2.53,5.9
2026-09-23T17:41:33-03:00,30C,063,Mewtwo (#063/128),Mewtwo,1.9,8.89,29.9
2026-09-23T17:41:33-03:00,30C,064,Mewtwo ex (#064/128),Mewtwo ex,11.72,18.91,39.89
2026-09-23T17:41:33-03:00,30C,065,Mew (#065/128),Mew,4.9,12.18,50.0
2026-09-23T17:41:33-03:00,30C,066,Mew ex (#066/128),Mew ex,75.0,99.72,119.9
2026-09-23T17:41:33-03:00,30C,067,Marill (#067/128),Marill,1.0,2.01,5.9
2026-09-23T17:41:33-03:00,30C,068,Azumarill (#068/128),Azumarill,1.49,2.18,5.9
2026-09-23T17:41:33-03:00,30C,069,Espeon (#069/128),Espeon,3.0,13.5,39.9
2026-09-23T17:41:33-03:00,30C,070,Espeon ex (#070/128),Espeon ex,15.0,25.22,30.0
2026-09-23T17:41:33-03:00,30C,071,Sylveon ex (#071/128),Sylveon ex,9.9,21.27,49.5
2026-09-23T17:41:33-03:00,30C,072,Unown (#072/128),Unown,1.5,4.28,16.9
2026-09-23T17:41:33-03:00,30C,073,Drifloon (#073/128),Drifloon,0.96,1.95,5.9
2026-09-23T17:41:33-03:00,30C,074,Cresselia (#074/128),Cresselia,0.96,2.42,5.9
2026-09-23T17:41:33-03:00,30C,075,Chandelure (#075/128),Chandelure,0.99,2.63,39.99
2026-09-23T17:41:33-03:00,30C,076,Xerneas (#076/128),Xerneas,0.97,2.52,6.9
2026-09-23T17:41:33-03:00,30C,077,Comfey (#077/128),Comfey,0.96,1.8,5.9
2026-09-23T17:41:33-03:00,30C,078,Cosmog (#078/128),Cosmog,0.96,1.94,5.9
2026-09-23T17:41:33-03:00,30C,079,Cosmoem (#079/128),Cosmoem,0.96,2.29,5.9
2026-09-23T17:41:33-03:00,30C,080,Lunala (#080/128),Lunala,1.5,3.7,6.9
2026-09-23T17:41:33-03:00,30C,081,Gimmighoul (#081/128),Gimmighoul,0.96,1.99,5.9
2026-09-23T17:41:33-03:00,30C,082,Groudon (#082/128),Groudon,0.97,3.0,11.38
2026-09-23T17:41:33-03:00,30C,083,Lucario (#083/128),Lucario,1.48,3.24,9.99
2026-09-23T17:41:33-03:00,30C,084,Seismitoad (#084/128),Seismitoad,0.99,2.39,5.9
2026-09-23T17:41:33-03:00,30C,085,Lycanroc (#085/128),Lycanroc,1.2,3.12,23.99
2026-09-23T17:41:33-03:00,30C,086,Koraidon (#086/128),Koraidon,1.0,3.08,6.9
2026-09-23T17:41:33-03:00,30C,087,Nidoran Female (#087/128),Nidoran Fêmea,0.9,1.58,5.9
2026-09-23T17:41:33-03:00,30C,088,Nidorina (#088/128),Nidorina,0.96,2.25,9.9
2026-09-23T17:41:33-03:00,30C,089,Alolan Meowth (#089/128),Meowth de Alola,0.97,2.51,5.9
2026-09-23T17:41:33-03:00,30C,090,Gengar ex (#090/128),Gengar ex,27.0,37.5,65.0
2026-09-23T17:41:33-03:00,30C,091,Umbreon (#091/128),Umbreon,5.39,22.06,49.9
2026-09-23T17:41:33-03:00,30C,092,Umbreon ex (#092/128),Umbreon ex,19.88,31.08,50.0
2026-09-23T17:41:33-03:00,30C,093,Murkrow (#093/128),Murkrow,0.96,2.18,5.9
2026-09-23T17:41:33-03:00,30C,094,Scraggy (#094/128),Scraggy,0.96,2.31,5.9
2026-09-23T17:41:33-03:00,30C,095,Zorua (#095/128),Zorua,1.4,3.22,5.9
2026-09-23T17:41:33-03:00,30C,096,Zoroark (#096/128),Zoroark,1.0,3.07,9.9
2026-09-23T17:41:33-03:00,30C,097,Deino (#097/128),Deino,0.96,2.2,5.9
2026-09-23T17:41:33-03:00,30C,098,Zweilous (#098/128),Zweilous,1.0,2.32,5.9
2026-09-23T17:41:33-03:00,30C,099,Hydreigon (#099/128),Hydreigon,1.0,2.83,9.9
2026-09-23T17:41:33-03:00,30C,100,Yveltal (#100/128),Yveltal,1.0,4.07,6.9
2026-09-23T17:41:33-03:00,30C,101,Galarian Meowth (#101/128),Meowth de Galar,1.5,2.18,9.9
2026-09-23T17:41:33-03:00,30C,102,Jirachi ex (#102/128),Jirachi ex,5.99,13.46,22.0
2026-09-23T17:41:33-03:00,30C,103,Dialga (#103/128),Dialga,1.5,3.27,9.89
2026-09-23T17:41:33-03:00,30C,104,Ferrothorn (#104/128),Ferrothorn,0.97,2.76,5.9
2026-09-23T17:41:33-03:00,30C,105,Solgaleo (#105/128),Solgaleo,0.97,2.55,6.9
2026-09-23T17:41:33-03:00,30C,106,Zacian (#106/128),Zacian,0.97,3.89,11.9
2026-09-23T17:41:33-03:00,30C,107,Zamazenta (#107/128),Zamazenta,0.97,2.7,9.9
2026-09-23T17:41:33-03:00,30C,108,Gholdengo (#108/128),Gholdengo,1.0,2.51,9.9
2026-09-23T17:41:33-03:00,30C,109,Salamence ex (#109/128),Salamence ex,8.0,11.75,19.9
2026-09-23T17:41:33-03:00,30C,110,Jangmo-o (#110/128),Jangmo-o,1.0,1.96,5.9
2026-09-23T17:41:33-03:00,30C,111,Hakamo-o (#111/128),Hakamo-o,0.97,2.13,5.9
2026-09-23T17:41:33-03:00,30C,112,Kommo-o (#112/128),Kommo-o,0.96,2.33,5.9
2026-09-23T17:41:33-03:00,30C,113,Meowth (#113/128),Meowth,1.2,2.57,10.9
2026-09-23T17:41:33-03:00,30C,114,Kangaskhan (#114/128),Kangaskhan,0.97,2.43,10.9
2026-09-23T17:41:33-03:00,30C,115,Ditto (#115/128),Ditto,1.5,10.56,19.9
2026-09-23T17:41:33-03:00,30C,116,Eevee (#116/128),Eevee,2.0,7.73,19.9
2026-09-23T17:41:33-03:00,30C,117,Eevee (#117/128),Eevee,2.99,9.53,19.9
2026-09-23T17:41:33-03:00,30C,118,Eevee (#118/128),Eevee,2.0,9.07,19.9
2026-09-23T17:41:33-03:00,30C,119,Snorlax (#119/128),Snorlax,1.5,6.63,35.0
2026-09-23T17:41:33-03:00,30C,120,Igglybuff (#120/128),Igglybuff,1.9,8.98,19.9
2026-09-23T17:41:33-03:00,30C,121,Lugia (#121/128),Lugia,2.5,8.63,16.9
2026-09-23T17:41:33-03:00,30C,122,Hisuian Zorua (#122/128),Zorua de Hisui,0.97,2.2,10.9
2026-09-23T17:41:33-03:00,30C,123,Hisuian Zoroark (#123/128),Zoroark de Hisui,0.97,3.19,10.9
2026-09-23T17:41:33-03:00,30C,124,Minior (#124/128),Minior,0.97,2.15,7.0
2026-09-23T17:41:33-03:00,30C,125,Maushold (#125/128),Maushold,1.95,4.62,11.9
2026-09-23T17:41:33-03:00,30C,126,Poké Pad (#126/128),Poké Tablet,9.0,17.91,29.9
2026-09-23T17:41:33-03:00,30C,127,Switch (#127/128),Substituição,1.49,5.49,14.9
2026-09-23T17:41:33-03:00,30C,128,Ultra Ball (#128/128),Ultra Bola,5.99,10.37,24.99
2026-09-23T17:41:33-03:00,30C,129,Alolan Exeggutor (#129/128),Exeggutor de Alola,36.87,49.09,99.89
2026-09-23T17:41:33-03:00,30C,130,Moltres (#130/128),Moltres,75.0,96.88,249.99
2026-09-23T17:41:33-03:00,30C,131,Lapras (#131/128),Lapras,90.0,110.76,225.0
2026-09-23T17:41:33-03:00,30C,132,Articuno (#132/128),Articuno,85.0,129.67,499.9
2026-09-23T17:41:33-03:00,30C,133,Zapdos (#133/128),Zapdos,68.0,122.81,149.9
2026-09-23T17:41:33-03:00,30C,134,Toxtricity (#134/128),Toxtricity,33.96,44.77,69.9
2026-09-23T17:41:33-03:00,30C,135,Morpeko (#135/128),Morpeko,59.5,105.05,200.0
2026-09-23T17:41:33-03:00,30C,136,Drifloon (#136/128),Drifloon,29.5,67.79,249.9
2026-09-23T17:41:33-03:00,30C,137,Chandelure (#137/128),Chandelure,29.5,56.22,109.89
2026-09-23T17:41:33-03:00,30C,138,Lycanroc (#138/128),Lycanroc,19.96,33.66,49.9
2026-09-23T17:41:33-03:00,30C,139,Alolan Meowth (#139/128),Meowth de Alola,68.0,106.57,179.9
2026-09-23T17:41:33-03:00,30C,140,Scraggy (#140/128),Scraggy,20.0,32.74,99.9
2026-09-23T17:41:33-03:00,30C,141,Galarian Meowth (#141/128),Meowth de Galar,82.99,118.96,249.9
2026-09-23T17:41:33-03:00,30C,142,Gholdengo (#142/128),Gholdengo,24.83,34.16,89.9
2026-09-23T17:41:33-03:00,30C,143,Kommo-o (#143/128),Kommo-o,24.44,43.01,219.9
2026-09-23T17:41:33-03:00,30C,144,Meowth (#144/128),Meowth,99.5,154.88,330.0
2026-09-23T17:41:33-03:00,30C,145,Hisuian Zorua (#145/128),Zorua de Hisui,65.0,94.96,150.0
2026-09-23T17:41:33-03:00,30C,146,Maushold (#146/128),Maushold,148.0,266.96,400.0
2026-09-23T17:41:33-03:00,30C,147,Fuecoco ex (#147/128),Fuecoco ex,129.98,204.83,450.0
2026-09-23T17:41:33-03:00,30C,148,Greninja ex (#148/128),Greninja ex,249.0,339.66,999.99
2026-09-23T17:41:33-03:00,30C,149,Pikachu ex (#149/128),Pikachu ex,690.0,841.58,1290.9
2026-09-23T17:41:33-03:00,30C,150,Pikachu ex (#150/128),Pikachu ex,760.0,857.98,1199.9
2026-09-23T17:41:33-03:00,30C,151,Mewtwo ex (#151/128),Mewtwo ex,699.0,1075.46,2999.99
2026-09-23T17:41:33-03:00,30C,152,Mew ex (#152/128),Mew ex,990.0,1507.28,5000.0
2026-09-23T17:41:33-03:00,30C,153,Sylveon ex (#153/128),Sylveon ex,480.0,729.14,3500.0
2026-09-23T17:41:33-03:00,30C,154,Gengar ex (#154/128),Gengar ex,798.98,1348.63,2200.0
2026-09-23T17:41:33-03:00,30C,155,Jirachi ex (#155/128),Jirachi ex,349.99,501.2,1199.0
2026-09-23T17:41:33-03:00,30C,156,Salamence ex (#156/128),Salamence ex,169.98,266.68,299.99
2026-09-23T17:41:33-03:00,30C,157,Mewtwo ex (#157/128),Mewtwo ex,590.0,748.33,1695.0
2026-09-23T17:41:33-03:00,30C,158,Mew ex (#158/128),Mew ex,750.0,1088.19,5000.0
2026-09-23T17:41:33-03:00,30C-C,004,Charizard (#004/30),Charizard,1449.9,2333.04,5000.0
2026-09-23T17:41:33-03:00,30C-C,005,Delcatty (#005/30),Delcatty,69.9,111.93,220.0
2026-09-23T17:41:33-03:00,30C-C,011,Metagross (#011/30),Metagross,99.97,156.46,300.0
2026-09-23T17:41:33-03:00,30C-C,011b,Genesect-EX (#011b/30),Genesect-EX,69.9,133.89,199.0
2026-09-23T17:41:33-03:00,30C-C,018,Misty (#018/30),Misty,119.0,157.53,229.0
2026-09-23T17:41:33-03:00,30C-C,019,Dark Tyranitar (#019/30),Tyranitar Sombrio,149.5,214.29,500.0
2026-09-23T17:41:33-03:00,30C-C,025,Sneasel (#025/30),Sneasel,55.99,110.45,500.0
2026-09-23T17:41:33-03:00,30C-C,033,Pikachu & Zekrom-GX (#033/30),Pikachu e Zekrom-GX,199.9,358.74,400.0
2026-09-23T17:41:33-03:00,30C-C,041,Greninja BREAK (#041/30),Greninja TURBO,83.99,104.87,149.89
2026-09-23T17:41:33-03:00,30C-C,043,Uxie (#043/30),Uxie,59.9,102.08,169.9
2026-09-23T17:41:33-03:00,30C-C,047,Crobat G (#047/30),Crobat G,51.29,245.33,360.0
2026-09-23T17:41:33-03:00,30C-C,050,Raikou (#050/30),Raikou,54.99,143.55,500.0
2026-09-23T17:41:33-03:00,30C-C,057,Buzzwole-GX (#057/30),Buzzwole-GX,60.0,88.55,149.5
2026-09-23T17:41:33-03:00,30C-C,058,Pikachu (#058/30),Pikachu,242.0,308.06,399.0
2026-09-23T17:41:33-03:00,30C-C,069,Erika's Jigglypuff (#069/30),Jigglypuff da Érica,132.0,164.84,199.9
2026-09-23T17:41:33-03:00,30C-C,085,Rayquaza-EX (#085/30),Rayquaza-EX,149.9,254.47,500.0
2026-09-23T17:41:33-03:00,30C-C,089,Solgaleo-GX (#089/30),Solgaleo-GX,65.0,124.43,199.0
2026-09-23T17:41:33-03:00,30C-C,094,Gengar (#094/30),Gengar,449.99,725.51,1299.9
2026-09-23T17:41:33-03:00,30C-C,099,Darkrai & Cresselia LEGEND (#099/30),Darkrai & Cresselia LENDA,199.5,282.62,310.8
2026-09-23T17:41:33-03:00,30C-C,100,Darkrai & Cresselia LEGEND (#100/30),Darkrai & Cresselia LENDA,189.9,248.76,354.3
2026-09-23T17:41:33-03:00,30C-C,101,N (#101/30),N,149.5,218.13,700.0
2026-09-23T17:41:33-03:00,30C-C,106,Palkia LV.X (#106/30),Palkia LV.X,149.9,393.43,550.0
2026-09-23T17:41:33-03:00,30C-C,106b,M Gardevoir-EX (#106b/30),M Gardevoir-EX,120.0,214.96,250.0
2026-09-23T17:41:33-03:00,30C-C,106c,Shining Celebi (#106c/30),Celebi Luminescente,379.0,616.27,1200.0
2026-09-23T17:41:33-03:00,30C-C,108,Scizor ex (#108/30),Scizor ex,94.99,135.56,150.0
2026-09-23T17:41:33-03:00,30C-C,114,Mew-VMAX (#114/30),Mew-VMAX,135.0,196.81,229.9
2026-09-23T17:41:33-03:00,30C-C,123,Arceus-VSTAR (#123/30),Arceus-V-ASTRO,699.0,840.27,900.0
2026-09-23T17:41:33-03:00,30C-C,138,Zacian-V (#138/30),Zacian-V,200.0,289.92,450.0
2026-09-23T17:41:33-03:00,30C-C,149,Lugia (#149/30),Lugia,1499.0,1923.67,2449.9
2026-09-23T17:41:33-03:00,30C-C,203,Magikarp (#203/30),Magikarp,685.0,823.82,999.99
2026-09-23T17:43:48-03:00,30C,001,Exeggcute (#001/128),Exeggcute,1.0,2.3,5.9
2026-09-23T17:43:48-03:00,30C,002,Alolan Exeggutor (#002/128),Exeggutor de Alola,1.72,2.81,5.9
2026-09-23T17:43:48-03:00,30C,003,Volbeat (#003/128),Volbeat,0.96,2.29,5.9
2026-09-23T17:43:48-03:00,30C,004,Illumise (#004/128),Illumise,0.96,2.1,5.9
2026-09-23T17:43:48-03:00,30C,005,Tropius (#005/128),Tropius,0.96,2.0,7.0
2026-09-23T17:43:48-03:00,30C,006,Cherubi (#006/128),Cherubi,0.96,2.02,5.9
2026-09-23T17:43:48-03:00,30C,007,Cherrim (#007/128),Cherrim,0.97,2.24,5.9
2026-09-23T17:43:48-03:00,30C,008,Vivillon (#008/128),Vivillon,1.29,2.36,5.9
2026-09-23T17:43:48-03:00,30C,009,Vulpix (#009/128),Vulpix,0.97,2.67,9.9
2026-09-23T17:43:48-03:00,30C,010,Ninetales (#010/128),Ninetales,1.5,2.81,5.9
2026-09-23T17:43:48-03:00,30C,011,Moltres (#011/128),Moltres,2.0,5.1,14.9
2026-09-23T17:43:48-03:00,30C,012,Ho-Oh (#012/128),Ho-Oh,1.88,4.72,9.9
2026-09-23T17:43:48-03:00,30C,013,Victini (#013/128),Victini,1.5,2.72,9.9
2026-09-23T17:43:48-03:00,30C,014,Reshiram (#014/128),Reshiram,0.96,2.73,8.9
2026-09-23T17:43:48-03:00,30C,015,Fuecoco ex (#015/128),Fuecoco ex,4.99,9.78,39.9
2026-09-23T17:43:48-03:00,30C,016,Slowpoke (#016/128),Slowpoke,0.97,3.09,11.9
2026-09-23T17:43:48-03:00,30C,017,Lapras (#017/128),Lapras,0.96,4.0,19.9
2026-09-23T17:43:48-03:00,30C,018,Articuno (#018/128),Articuno,2.5,11.16,34.9
2026-09-23T17:43:48-03:00,30C,019,Kyogre (#019/128),Kyogre,0.96,5.67,9.9
2026-09-23T17:43:48-03:00,30C,020,Palkia (#020/128),Palkia,1.5,3.37,9.9
2026-09-23T17:43:48-03:00,30C,021,Greninja ex (#021/128),Greninja ex,11.25,18.06,39.9
2026-09-23T17:43:48-03:00,30C,022,Wishiwashi (#022/128),Wishiwashi,0.96,2.05,5.9
2026-09-23T17:43:48-03:00,30C,023,Pikachu (#023/128),Pikachu,9.96,20.67,39.9
2026-09-23T17:43:48-03:00,30C,024,Pikachu (#024/128),Pikachu,9.5,19.92,39.9
2026-09-23T17:43:48-03:00,30C,025,Pikachu (#025/128),Pikachu,7.9,19.02,39.9
2026-09-23T17:43:48-03:00,30C,026,Pikachu (#026/128),Pikachu,12.98,23.42,59.9
2026-09-23T17:43:48-03:00,30C,027,Pikachu (#027/128),Pikachu,17.95,35.02,69.89
2026-09-23T17:43:48-03:00,30C,028,Pikachu (#028/128),Pikachu,19.99,27.62,99.9
2026-09-23T17:43:48-03:00,30C,029,Pikachu (#029/128),Pikachu,9.5,28.96,65.0
2026-09-23T17:43:48-03:00,30C,030,Pikachu (#030/128),Pikachu,9.5,18.24,39.9
2026-09-23T17:43:48-03:00,30C,031,Pikachu (#031/128),Pikachu,10.95,20.67,39.9
2026-09-23T17:43:48-03:00,30C,032,Pikachu (#032/128),Pikachu,19.0,52.34,89.9
2026-09-23T17:43:48-03:00,30C,033,Pikachu (#033/128),Pikachu,9.5,20.25,39.9
2026-09-23T17:43:48-03:00,30C,034,Pikachu (#034/128),Pikachu,14.88,66.63,99.9
2026-09-23T17:43:48-03:00,30C,035,Pikachu (#035/128),Pikachu,12.0,24.89,39.9
2026-09-23T17:43:48-03:00,30C,036,Pikachu (#036/128),Pikachu,14.0,30.22,89.9
2026-09-23T17:43:48-03:00,30C,037,Pikachu (#037/128),Pikachu,9.5,30.91,79.9
2026-09-23T17:43:48-03:00,30C,038,Pikachu (#038/128),Pikachu,9.5,26.49,99.9
2026-09-23T17:43:48-03:00,30C,039,Pikachu (#039/128),Pikachu,13.98,27.39,39.9
2026-09-23T17:43:48-03:00,30C,040,Pikachu (#040/128),Pikachu,19.98,55.9,120.0
2026-09-23T17:43:48-03:00,30C,041,Pikachu (#041/128),Pikachu,10.46,19.95,39.9
2026-09-23T17:43:48-03:00,30C,042,Pikachu (#042/128),Pikachu,9.5,20.65,39.9
2026-09-23T17:43:48-03:00,30C,043,Pikachu (#043/128),Pikachu,14.98,25.61,39.9
2026-09-23T17:43:48-03:00,30C,044,Pikachu (#044/128),Pikachu,9.5,25.57,39.9
2026-09-23T17:43:48-03:00,30C,045,Pikachu (#045/128),Pikachu,9.9,22.0,89.9
2026-09-23T17:43:48-03:00,30C,046,Pikachu (#046/128),Pikachu,13.89,22.23,39.9
2026-09-23T17:43:48-03:00,30C,047,Pikachu (#047/128),Pikachu,9.5,19.94,39.9
2026-09-23T17:43:48-03:00,30C,048,Pikachu (#048/128),Pikachu,9.9,25.29,99.9
2026-09-23T17:43:48-03:00,30C,049,Pikachu (#049/128),Pikachu,9.5,19.58,39.9
2026-09-23T17:43:48-03:00,30C,050,Pikachu (#050/128),Pikachu,9.9,30.21,99.9
2026-09-23T17:43:48-03:00,30C,051,Pikachu (#051/128),Pikachu,10.9,19.65,39.9
2026-09-23T17:43:48-03:00,30C,052,Pikachu (#052/128),Pikachu,13.87,23.15,99.9
2026-09-23T17:43:48-03:00,30C,053,Pikachu ex (#053/128),Pikachu ex,17.99,29.75,51.9
2026-09-23T17:43:48-03:00,30C,054,Pikachu ex (#054/128),Pikachu ex,19.5,31.95,51.9
2026-09-23T17:43:48-03:00,30C,055,Zapdos (#055/128),Zapdos,1.72,8.97,14.9
2026-09-23T17:43:48-03:00,30C,056,Zekrom (#056/128),Zekrom,0.96,2.86,14.9
2026-09-23T17:43:48-03:00,30C,057,Zeraora (#057/128),Zeraora,1.3,2.81,7.0
2026-09-23T17:43:48-03:00,30C,058,Toxel (#058/128),Toxel,0.96,1.92,5.9
2026-09-23T17:43:48-03:00,30C,059,Toxtricity (#059/128),Toxtricity,1.0,2.43,5.9
2026-09-23T17:43:48-03:00,30C,060,Toxtricity (#060/128),Toxtricity,1.0,2.57,5.9
2026-09-23T17:43:48-03:00,30C,061,Morpeko (#061/128),Morpeko,0.96,2.49,5.9
2026-09-23T17:43:48-03:00,30C,062,Miraidon (#062/128),Miraidon,0.98,2.53,5.9
2026-09-23T17:43:48-03:00,30C,063,Mewtwo (#063/128),Mewtwo,1.9,8.89,29.9
2026-09-23T17:43:48-03:00,30C,064,Mewtwo ex (#064/128),Mewtwo ex,11.72,18.91,39.89
2026-09-23T17:43:48-03:00,30C,065,Mew (#065/128),Mew,4.9,12.18,50.0
2026-09-23T17:43:48-03:00,30C,066,Mew ex (#066/128),Mew ex,75.0,99.72,119.9
2026-09-23T17:43:48-03:00,30C,067,Marill (#067/128),Marill,1.0,2.01,5.9
2026-09-23T17:43:48-03:00,30C,068,Azumarill (#068/128),Azumarill,1.49,2.18,5.9
2026-09-23T17:43:48-03:00,30C,069,Espeon (#069/128),Espeon,3.0,13.5,39.9
2026-09-23T17:43:48-03:00,30C,070,Espeon ex (#070/128),Espeon ex,15.0,25.22,30.0
2026-09-23T17:43:48-03:00,30C,071,Sylveon ex (#071/128),Sylveon ex,9.9,21.27,49.5
2026-09-23T17:43:48-03:00,30C,072,Unown (#072/128),Unown,1.5,4.28,16.9
2026-09-23T17:43:48-03:00,30C,073,Drifloon (#073/128),Drifloon,0.96,1.95,5.9
2026-09-23T17:43:48-03:00,30C,074,Cresselia (#074/128),Cresselia,0.96,2.42,5.9
2026-09-23T17:43:48-03:00,30C,075,Chandelure (#075/128),Chandelure,0.99,2.63,39.99
2026-09-23T17:43:48-03:00,30C,076,Xerneas (#076/128),Xerneas,0.97,2.52,6.9
2026-09-23T17:43:48-03:00,30C,077,Comfey (#077/128),Comfey,0.96,1.8,5.9
2026-09-23T17:43:48-03:00,30C,078,Cosmog (#078/128),Cosmog,0.96,1.94,5.9
2026-09-23T17:43:48-03:00,30C,079,Cosmoem (#079/128),Cosmoem,0.96,2.29,5.9
2026-09-23T17:43:48-03:00,30C,080,Lunala (#080/128),Lunala,1.5,3.7,6.9
2026-09-23T17:43:48-03:00,30C,081,Gimmighoul (#081/128),Gimmighoul,0.96,1.99,5.9
2026-09-23T17:43:48-03:00,30C,082,Groudon (#082/128),Groudon,0.97,3.0,11.38
2026-09-23T17:43:48-03:00,30C,083,Lucario (#083/128),Lucario,1.48,3.24,9.99
2026-09-23T17:43:48-03:00,30C,084,Seismitoad (#084/128),Seismitoad,0.99,2.39,5.9
2026-09-23T17:43:48-03:00,30C,085,Lycanroc (#085/128),Lycanroc,1.2,3.12,23.99
2026-09-23T17:43:48-03:00,30C,086,Koraidon (#086/128),Koraidon,1.0,3.08,6.9
2026-09-23T17:43:48-03:00,30C,087,Nidoran Female (#087/128),Nidoran Fêmea,0.9,1.58,5.9
2026-09-23T17:43:48-03:00,30C,088,Nidorina (#088/128),Nidorina,0.96,2.25,9.9
2026-09-23T17:43:48-03:00,30C,089,Alolan Meowth (#089/128),Meowth de Alola,0.97,2.51,5.9
2026-09-23T17:43:48-03:00,30C,090,Gengar ex (#090/128),Gengar ex,27.0,37.5,65.0
2026-09-23T17:43:48-03:00,30C,091,Umbreon (#091/128),Umbreon,5.39,22.06,49.9
2026-09-23T17:43:48-03:00,30C,092,Umbreon ex (#092/128),Umbreon ex,19.88,31.08,50.0
2026-09-23T17:43:48-03:00,30C,093,Murkrow (#093/128),Murkrow,0.96,2.18,5.9
2026-09-23T17:43:48-03:00,30C,094,Scraggy (#094/128),Scraggy,0.96,2.31,5.9
2026-09-23T17:43:48-03:00,30C,095,Zorua (#095/128),Zorua,1.4,3.22,5.9
2026-09-23T17:43:48-03:00,30C,096,Zoroark (#096/128),Zoroark,1.0,3.07,9.9
2026-09-23T17:43:48-03:00,30C,097,Deino (#097/128),Deino,0.96,2.2,5.9
2026-09-23T17:43:48-03:00,30C,098,Zweilous (#098/128),Zweilous,1.0,2.32,5.9
2026-09-23T17:43:48-03:00,30C,099,Hydreigon (#099/128),Hydreigon,1.0,2.83,9.9
2026-09-23T17:43:48-03:00,30C,100,Yveltal (#100/128),Yveltal,1.0,4.07,6.9
2026-09-23T17:43:48-03:00,30C,101,Galarian Meowth (#101/128),Meowth de Galar,1.5,2.18,9.9
2026-09-23T17:43:48-03:00,30C,102,Jirachi ex (#102/128),Jirachi ex,5.99,13.46,22.0
2026-09-23T17:43:48-03:00,30C,103,Dialga (#103/128),Dialga,1.5,3.27,9.89
2026-09-23T17:43:48-03:00,30C,104,Ferrothorn (#104/128),Ferrothorn,0.97,2.76,5.9
2026-09-23T17:43:48-03:00,30C,105,Solgaleo (#105/128),Solgaleo,0.97,2.55,6.9
2026-09-23T17:43:48-03:00,30C,106,Zacian (#106/128),Zacian,0.97,3.89,11.9
2026-09-23T17:43:48-03:00,30C,107,Zamazenta (#107/128),Zamazenta,0.97,2.7,9.9
2026-09-23T17:43:48-03:00,30C,108,Gholdengo (#108/128),Gholdengo,1.0,2.51,9.9
2026-09-23T17:43:48-03:00,30C,109,Salamence ex (#109/128),Salamence ex,8.0,11.75,19.9
2026-09-23T17:43:48-03:00,30C,110,Jangmo-o (#110/128),Jangmo-o,1.0,1.96,5.9
2026-09-23T17:43:48-03:00,30C,111,Hakamo-o (#111/128),Hakamo-o,0.97,2.13,5.9
2026-09-23T17:43:48-03:00,30C,112,Kommo-o (#112/128),Kommo-o,0.96,2.33,5.9
2026-09-23T17:43:48-03:00,30C,113,Meowth (#113/128),Meowth,1.2,2.57,10.9
2026-09-23T17:43:48-03:00,30C,114,Kangaskhan (#114/128),Kangaskhan,0.97,2.43,10.9
2026-09-23T17:43:48-03:00,30C,115,Ditto (#115/128),Ditto,1.5,10.56,19.9
2026-09-23T17:43:48-03:00,30C,116,Eevee (#116/128),Eevee,2.0,7.73,19.9
2026-09-23T17:43:48-03:00,30C,117,Eevee (#117/128),Eevee,2.99,9.53,19.9
2026-09-23T17:43:48-03:00,30C,118,Eevee (#118/128),Eevee,2.0,9.07,19.9
2026-09-23T17:43:48-03:00,30C,119,Snorlax (#119/128),Snorlax,1.5,6.63,35.0
2026-09-23T17:43:48-03:00,30C,120,Igglybuff (#120/128),Igglybuff,1.9,8.98,19.9
2026-09-23T17:43:48-03:00,30C,121,Lugia (#121/128),Lugia,2.5,8.63,16.9
2026-09-23T17:43:48-03:00,30C,122,Hisuian Zorua (#122/128),Zorua de Hisui,0.97,2.2,10.9
2026-09-23T17:43:48-03:00,30C,123,Hisuian Zoroark (#123/128),Zoroark de Hisui,0.97,3.19,10.9
2026-09-23T17:43:48-03:00,30C,124,Minior (#124/128),Minior,0.97,2.15,7.0
2026-09-23T17:43:48-03:00,30C,125,Maushold (#125/128),Maushold,1.95,4.62,11.9
2026-09-23T17:43:48-03:00,30C,126,Poké Pad (#126/128),Poké Tablet,9.0,17.91,29.9
2026-09-23T17:43:48-03:00,30C,127,Switch (#127/128),Substituição,1.49,5.49,14.9
2026-09-23T17:43:48-03:00,30C,128,Ultra Ball (#128/128),Ultra Bola,5.99,10.37,24.99
2026-09-23T17:43:48-03:00,30C,129,Alolan Exeggutor (#129/128),Exeggutor de Alola,36.87,49.09,99.89
2026-09-23T17:43:48-03:00,30C,130,Moltres (#130/128),Moltres,75.0,96.88,249.99
2026-09-23T17:43:48-03:00,30C,131,Lapras (#131/128),Lapras,90.0,110.76,225.0
2026-09-23T17:43:48-03:00,30C,132,Articuno (#132/128),Articuno,85.0,129.67,499.9
2026-09-23T17:43:48-03:00,30C,133,Zapdos (#133/128),Zapdos,68.0,122.81,149.9
2026-09-23T17:43:48-03:00,30C,134,Toxtricity (#134/128),Toxtricity,33.96,44.77,69.9
2026-09-23T17:43:48-03:00,30C,135,Morpeko (#135/128),Morpeko,59.5,105.05,200.0
2026-09-23T17:43:48-03:00,30C,136,Drifloon (#136/128),Drifloon,29.5,67.79,249.9
2026-09-23T17:43:48-03:00,30C,137,Chandelure (#137/128),Chandelure,29.5,56.22,109.89
2026-09-23T17:43:48-03:00,30C,138,Lycanroc (#138/128),Lycanroc,19.96,33.66,49.9
2026-09-23T17:43:48-03:00,30C,139,Alolan Meowth (#139/128),Meowth de Alola,68.0,106.57,179.9
2026-09-23T17:43:48-03:00,30C,140,Scraggy (#140/128),Scraggy,20.0,32.74,99.9
2026-09-23T17:43:48-03:00,30C,141,Galarian Meowth (#141/128),Meowth de Galar,82.99,118.96,249.9
2026-09-23T17:43:48-03:00,30C,142,Gholdengo (#142/128),Gholdengo,24.83,34.16,89.9
2026-09-23T17:43:48-03:00,30C,143,Kommo-o (#143/128),Kommo-o,24.44,43.01,219.9
2026-09-23T17:43:48-03:00,30C,144,Meowth (#144/128),Meowth,99.5,154.88,330.0
2026-09-23T17:43:48-03:00,30C,145,Hisuian Zorua (#145/128),Zorua de Hisui,65.0,94.96,150.0
2026-09-23T17:43:48-03:00,30C,146,Maushold (#146/128),Maushold,148.0,266.96,400.0
2026-09-23T17:43:48-03:00,30C,147,Fuecoco ex (#147/128),Fuecoco ex,129.98,204.83,450.0
2026-09-23T17:43:48-03:00,30C,148,Greninja ex (#148/128),Greninja ex,249.0,339.66,999.99
2026-09-23T17:43:48-03:00,30C,149,Pikachu ex (#149/128),Pikachu ex,690.0,841.58,1290.9
2026-09-23T17:43:48-03:00,30C,150,Pikachu ex (#150/128),Pikachu ex,760.0,857.98,1199.9
2026-09-23T17:43:48-03:00,30C,151,Mewtwo ex (#151/128),Mewtwo ex,699.0,1075.46,2999.99
2026-09-23T17:43:48-03:00,30C,152,Mew ex (#152/128),Mew ex,990.0,1507.28,5000.0
2026-09-23T17:43:48-03:00,30C,153,Sylveon ex (#153/128),Sylveon ex,480.0,729.14,3500.0
2026-09-23T17:43:48-03:00,30C,154,Gengar ex (#154/128),Gengar ex,798.98,1348.63,2200.0
2026-09-23T17:43:48-03:00,30C,155,Jirachi ex (#155/128),Jirachi ex,349.99,501.2,1199.0
2026-09-23T17:43:48-03:00,30C,156,Salamence ex (#156/128),Salamence ex,169.98,266.68,299.99
2026-09-23T17:43:48-03:00,30C,157,Mewtwo ex (#157/128),Mewtwo ex,590.0,748.33,1695.0
2026-09-23T17:43:48-03:00,30C,158,Mew ex (#158/128),Mew ex,750.0,1088.19,5000.0
2026-09-23T17:43:48-03:00,30C-C,004,Charizard (#004/30),Charizard,1449.9,2333.04,5000.0
2026-09-23T17:43:48-03:00,30C-C,005,Delcatty (#005/30),Delcatty,69.9,111.93,220.0
2026-09-23T17:43:48-03:00,30C-C,011,Metagross (#011/30),Metagross,99.97,156.46,300.0
2026-09-23T17:43:48-03:00,30C-C,011b,Genesect-EX (#011b/30),Genesect-EX,69.9,133.89,199.0
2026-09-23T17:43:48-03:00,30C-C,018,Misty (#018/30),Misty,119.0,157.53,229.0
2026-09-23T17:43:48-03:00,30C-C,019,Dark Tyranitar (#019/30),Tyranitar Sombrio,149.5,214.29,500.0
2026-09-23T17:43:48-03:00,30C-C,025,Sneasel (#025/30),Sneasel,55.99,110.45,500.0
2026-09-23T17:43:48-03:00,30C-C,033,Pikachu & Zekrom-GX (#033/30),Pikachu e Zekrom-GX,199.9,358.74,400.0
2026-09-23T17:43:48-03:00,30C-C,041,Greninja BREAK (#041/30),Greninja TURBO,83.99,104.87,149.89
2026-09-23T17:43:48-03:00,30C-C,043,Uxie (#043/30),Uxie,59.9,102.08,169.9
2026-09-23T17:43:48-03:00,30C-C,047,Crobat G (#047/30),Crobat G,51.29,245.33,360.0
2026-09-23T17:43:48-03:00,30C-C,050,Raikou (#050/30),Raikou,54.99,143.55,500.0
2026-09-23T17:43:48-03:00,30C-C,057,Buzzwole-GX (#057/30),Buzzwole-GX,60.0,88.55,149.5
2026-09-23T17:43:48-03:00,30C-C,058,Pikachu (#058/30),Pikachu,242.0,308.06,399.0
2026-09-23T17:43:48-03:00,30C-C,069,Erika's Jigglypuff (#069/30),Jigglypuff da Érica,132.0,164.84,199.9
2026-09-23T17:43:48-03:00,30C-C,085,Rayquaza-EX (#085/30),Rayquaza-EX,149.9,254.47,500.0
2026-09-23T17:43:48-03:00,30C-C,089,Solgaleo-GX (#089/30),Solgaleo-GX,65.0,124.43,199.0
2026-09-23T17:43:48-03:00,30C-C,094,Gengar (#094/30),Gengar,449.99,725.51,1299.9
2026-09-23T17:43:48-03:00,30C-C,099,Darkrai & Cresselia LEGEND (#099/30),Darkrai & Cresselia LENDA,199.5,282.62,310.8
2026-09-23T17:43:48-03:00,30C-C,100,Darkrai & Cresselia LEGEND (#100/30),Darkrai & Cresselia LENDA,189.9,248.76,354.3
2026-09-23T17:43:48-03:00,30C-C,101,N (#101/30),N,149.5,218.13,700.0
2026-09-23T17:43:48-03:00,30C-C,106,Palkia LV.X (#106/30),Palkia LV.X,149.9,393.43,550.0
2026-09-23T17:43:48-03:00,30C-C,106b,M Gardevoir-EX (#106b/30),M Gardevoir-EX,120.0,214.96,250.0
2026-09-23T17:43:48-03:00,30C-C,106c,Shining Celebi (#106c/30),Celebi Luminescente,379.0,616.27,1200.0
2026-09-23T17:43:48-03:00,30C-C,108,Scizor ex (#108/30),Scizor ex,94.99,135.56,150.0
2026-09-23T17:43:48-03:00,30C-C,114,Mew-VMAX (#114/30),Mew-VMAX,135.0,196.81,229.9
2026-09-23T17:43:48-03:00,30C-C,123,Arceus-VSTAR (#123/30),Arceus-V-ASTRO,699.0,840.27,900.0
2026-09-23T17:43:48-03:00,30C-C,138,Zacian-V (#138/30),Zacian-V,200.0,289.92,450.0
2026-09-23T17:43:48-03:00,30C-C,149,Lugia (#149/30),Lugia,1499.0,1923.67,2449.9
2026-09-23T17:43:48-03:00,30C-C,203,Magikarp (#203/30),Magikarp,685.0,823.82,999.99
2026-09-23T18:00:01-03:00,30C,001,Exeggcute (#001/128),Exeggcute,1.0,2.3,5.9
2026-09-23T18:00:01-03:00,30C,002,Alolan Exeggutor (#002/128),Exeggutor de Alola,1.72,2.81,5.9
2026-09-23T18:00:01-03:00,30C,003,Volbeat (#003/128),Volbeat,0.96,2.29,5.9
2026-09-23T18:00:01-03:00,30C,004,Illumise (#004/128),Illumise,0.96,2.1,5.9
2026-09-23T18:00:01-03:00,30C,005,Tropius (#005/128),Tropius,0.96,2.0,7.0
2026-09-23T18:00:01-03:00,30C,006,Cherubi (#006/128),Cherubi,0.96,2.02,5.9
2026-09-23T18:00:01-03:00,30C,007,Cherrim (#007/128),Cherrim,0.97,2.24,5.9
2026-09-23T18:00:01-03:00,30C,008,Vivillon (#008/128),Vivillon,1.29,2.36,5.9
2026-09-23T18:00:01-03:00,30C,009,Vulpix (#009/128),Vulpix,0.97,2.67,9.9
2026-09-23T18:00:01-03:00,30C,010,Ninetales (#010/128),Ninetales,1.5,2.81,5.9
2026-09-23T18:00:01-03:00,30C,011,Moltres (#011/128),Moltres,2.0,5.1,14.9
2026-09-23T18:00:01-03:00,30C,012,Ho-Oh (#012/128),Ho-Oh,1.88,4.72,9.9
2026-09-23T18:00:01-03:00,30C,013,Victini (#013/128),Victini,1.5,2.72,9.9
2026-09-23T18:00:01-03:00,30C,014,Reshiram (#014/128),Reshiram,0.96,2.73,8.9
2026-09-23T18:00:01-03:00,30C,015,Fuecoco ex (#015/128),Fuecoco ex,4.99,9.78,39.9
2026-09-23T18:00:01-03:00,30C,016,Slowpoke (#016/128),Slowpoke,0.97,3.09,11.9
2026-09-23T18:00:01-03:00,30C,017,Lapras (#017/128),Lapras,0.96,4.0,19.9
2026-09-23T18:00:01-03:00,30C,018,Articuno (#018/128),Articuno,2.5,11.16,34.9
2026-09-23T18:00:01-03:00,30C,019,Kyogre (#019/128),Kyogre,0.96,5.67,9.9
2026-09-23T18:00:01-03:00,30C,020,Palkia (#020/128),Palkia,1.5,3.37,9.9
2026-09-23T18:00:01-03:00,30C,021,Greninja ex (#021/128),Greninja ex,11.25,18.06,39.9
2026-09-23T18:00:01-03:00,30C,022,Wishiwashi (#022/128),Wishiwashi,0.96,2.05,5.9
2026-09-23T18:00:01-03:00,30C,023,Pikachu (#023/128),Pikachu,9.96,20.67,39.9
2026-09-23T18:00:01-03:00,30C,024,Pikachu (#024/128),Pikachu,9.5,19.92,39.9
2026-09-23T18:00:01-03:00,30C,025,Pikachu (#025/128),Pikachu,7.9,19.02,39.9
2026-09-23T18:00:01-03:00,30C,026,Pikachu (#026/128),Pikachu,12.98,23.42,59.9
2026-09-23T18:00:01-03:00,30C,027,Pikachu (#027/128),Pikachu,17.95,35.02,69.89
2026-09-23T18:00:01-03:00,30C,028,Pikachu (#028/128),Pikachu,19.99,27.62,99.9
2026-09-23T18:00:01-03:00,30C,029,Pikachu (#029/128),Pikachu,9.5,28.96,65.0
2026-09-23T18:00:01-03:00,30C,030,Pikachu (#030/128),Pikachu,9.5,18.24,39.9
2026-09-23T18:00:01-03:00,30C,031,Pikachu (#031/128),Pikachu,10.95,20.67,39.9
2026-09-23T18:00:01-03:00,30C,032,Pikachu (#032/128),Pikachu,19.0,52.34,89.9
2026-09-23T18:00:01-03:00,30C,033,Pikachu (#033/128),Pikachu,9.5,20.25,39.9
2026-09-23T18:00:01-03:00,30C,034,Pikachu (#034/128),Pikachu,14.88,66.63,99.9
2026-09-23T18:00:01-03:00,30C,035,Pikachu (#035/128),Pikachu,12.0,24.89,39.9
2026-09-23T18:00:01-03:00,30C,036,Pikachu (#036/128),Pikachu,14.0,30.22,89.9
2026-09-23T18:00:01-03:00,30C,037,Pikachu (#037/128),Pikachu,9.5,30.91,79.9
2026-09-23T18:00:01-03:00,30C,038,Pikachu (#038/128),Pikachu,9.5,26.49,99.9
2026-09-23T18:00:01-03:00,30C,039,Pikachu (#039/128),Pikachu,13.98,27.39,39.9
2026-09-23T18:00:01-03:00,30C,040,Pikachu (#040/128),Pikachu,19.98,55.9,120.0
2026-09-23T18:00:01-03:00,30C,041,Pikachu (#041/128),Pikachu,10.46,19.95,39.9
2026-09-23T18:00:01-03:00,30C,042,Pikachu (#042/128),Pikachu,9.5,20.65,39.9
2026-09-23T18:00:01-03:00,30C,043,Pikachu (#043/128),Pikachu,14.98,25.61,39.9
2026-09-23T18:00:01-03:00,30C,044,Pikachu (#044/128),Pikachu,9.5,25.57,39.9
2026-09-23T18:00:01-03:00,30C,045,Pikachu (#045/128),Pikachu,9.9,22.0,89.9
2026-09-23T18:00:01-03:00,30C,046,Pikachu (#046/128),Pikachu,13.89,22.23,39.9
2026-09-23T18:00:01-03:00,30C,047,Pikachu (#047/128),Pikachu,9.5,19.94,39.9
2026-09-23T18:00:01-03:00,30C,048,Pikachu (#048/128),Pikachu,9.9,25.29,99.9
2026-09-23T18:00:01-03:00,30C,049,Pikachu (#049/128),Pikachu,9.5,19.58,39.9
2026-09-23T18:00:01-03:00,30C,050,Pikachu (#050/128),Pikachu,9.9,30.21,99.9
2026-09-23T18:00:01-03:00,30C,051,Pikachu (#051/128),Pikachu,10.9,19.65,39.9
2026-09-23T18:00:01-03:00,30C,052,Pikachu (#052/128),Pikachu,13.87,23.15,99.9
2026-09-23T18:00:01-03:00,30C,053,Pikachu ex (#053/128),Pikachu ex,17.99,29.75,51.9
2026-09-23T18:00:01-03:00,30C,054,Pikachu ex (#054/128),Pikachu ex,19.5,31.95,51.9
2026-09-23T18:00:01-03:00,30C,055,Zapdos (#055/128),Zapdos,1.72,8.97,14.9
2026-09-23T18:00:01-03:00,30C,056,Zekrom (#056/128),Zekrom,0.96,2.86,14.9
2026-09-23T18:00:01-03:00,30C,057,Zeraora (#057/128),Zeraora,1.3,2.81,7.0
2026-09-23T18:00:01-03:00,30C,058,Toxel (#058/128),Toxel,0.96,1.92,5.9
2026-09-23T18:00:01-03:00,30C,059,Toxtricity (#059/128),Toxtricity,1.0,2.43,5.9
2026-09-23T18:00:01-03:00,30C,060,Toxtricity (#060/128),Toxtricity,1.0,2.57,5.9
2026-09-23T18:00:01-03:00,30C,061,Morpeko (#061/128),Morpeko,0.96,2.49,5.9
2026-09-23T18:00:01-03:00,30C,062,Miraidon (#062/128),Miraidon,0.98,2.53,5.9
2026-09-23T18:00:01-03:00,30C,063,Mewtwo (#063/128),Mewtwo,1.9,8.89,29.9
2026-09-23T18:00:01-03:00,30C,064,Mewtwo ex (#064/128),Mewtwo ex,11.72,18.91,39.89
2026-09-23T18:00:01-03:00,30C,065,Mew (#065/128),Mew,4.9,12.18,50.0
2026-09-23T18:00:01-03:00,30C,066,Mew ex (#066/128),Mew ex,75.0,99.72,119.9
2026-09-23T18:00:01-03:00,30C,067,Marill (#067/128),Marill,1.0,2.01,5.9
2026-09-23T18:00:01-03:00,30C,068,Azumarill (#068/128),Azumarill,1.49,2.18,5.9
2026-09-23T18:00:01-03:00,30C,069,Espeon (#069/128),Espeon,3.0,13.5,39.9
2026-09-23T18:00:01-03:00,30C,070,Espeon ex (#070/128),Espeon ex,15.0,25.22,30.0
2026-09-23T18:00:01-03:00,30C,071,Sylveon ex (#071/128),Sylveon ex,9.9,21.27,49.5
2026-09-23T18:00:01-03:00,30C,072,Unown (#072/128),Unown,1.5,4.28,16.9
2026-09-23T18:00:01-03:00,30C,073,Drifloon (#073/128),Drifloon,0.96,1.95,5.9
2026-09-23T18:00:01-03:00,30C,074,Cresselia (#074/128),Cresselia,0.96,2.42,5.9
2026-09-23T18:00:01-03:00,30C,075,Chandelure (#075/128),Chandelure,0.99,2.63,39.99
2026-09-23T18:00:01-03:00,30C,076,Xerneas (#076/128),Xerneas,0.97,2.52,6.9
2026-09-23T18:00:01-03:00,30C,077,Comfey (#077/128),Comfey,0.96,1.8,5.9
2026-09-23T18:00:01-03:00,30C,078,Cosmog (#078/128),Cosmog,0.96,1.94,5.9
2026-09-23T18:00:01-03:00,30C,079,Cosmoem (#079/128),Cosmoem,0.96,2.29,5.9
2026-09-23T18:00:01-03:00,30C,080,Lunala (#080/128),Lunala,1.5,3.7,6.9
2026-09-23T18:00:01-03:00,30C,081,Gimmighoul (#081/128),Gimmighoul,0.96,1.99,5.9
2026-09-23T18:00:01-03:00,30C,082,Groudon (#082/128),Groudon,0.97,3.0,11.38
2026-09-23T18:00:01-03:00,30C,083,Lucario (#083/128),Lucario,1.48,3.24,9.99
2026-09-23T18:00:01-03:00,30C,084,Seismitoad (#084/128),Seismitoad,0.99,2.39,5.9
2026-09-23T18:00:01-03:00,30C,085,Lycanroc (#085/128),Lycanroc,1.2,3.12,23.99
2026-09-23T18:00:01-03:00,30C,086,Koraidon (#086/128),Koraidon,1.0,3.08,6.9
2026-09-23T18:00:01-03:00,30C,087,Nidoran Female (#087/128),Nidoran Fêmea,0.9,1.58,5.9
2026-09-23T18:00:01-03:00,30C,088,Nidorina (#088/128),Nidorina,0.96,2.25,9.9
2026-09-23T18:00:01-03:00,30C,089,Alolan Meowth (#089/128),Meowth de Alola,0.97,2.51,5.9
2026-09-23T18:00:01-03:00,30C,090,Gengar ex (#090/128),Gengar ex,27.0,37.5,65.0
2026-09-23T18:00:01-03:00,30C,091,Umbreon (#091/128),Umbreon,5.39,22.06,49.9
2026-09-23T18:00:01-03:00,30C,092,Umbreon ex (#092/128),Umbreon ex,19.88,31.08,50.0
2026-09-23T18:00:01-03:00,30C,093,Murkrow (#093/128),Murkrow,0.96,2.18,5.9
2026-09-23T18:00:01-03:00,30C,094,Scraggy (#094/128),Scraggy,0.96,2.31,5.9
2026-09-23T18:00:01-03:00,30C,095,Zorua (#095/128),Zorua,1.4,3.22,5.9
2026-09-23T18:00:01-03:00,30C,096,Zoroark (#096/128),Zoroark,1.0,3.07,9.9
2026-09-23T18:00:01-03:00,30C,097,Deino (#097/128),Deino,0.96,2.2,5.9
2026-09-23T18:00:01-03:00,30C,098,Zweilous (#098/128),Zweilous,1.0,2.32,5.9
2026-09-23T18:00:01-03:00,30C,099,Hydreigon (#099/128),Hydreigon,1.0,2.83,9.9
2026-09-23T18:00:01-03:00,30C,100,Yveltal (#100/128),Yveltal,1.0,4.07,6.9
2026-09-23T18:00:01-03:00,30C,101,Galarian Meowth (#101/128),Meowth de Galar,1.5,2.18,9.9
2026-09-23T18:00:01-03:00,30C,102,Jirachi ex (#102/128),Jirachi ex,5.99,13.46,22.0
2026-09-23T18:00:01-03:00,30C,103,Dialga (#103/128),Dialga,1.5,3.27,9.89
2026-09-23T18:00:01-03:00,30C,104,Ferrothorn (#104/128),Ferrothorn,0.97,2.76,5.9
2026-09-23T18:00:01-03:00,30C,105,Solgaleo (#105/128),Solgaleo,0.97,2.55,6.9
2026-09-23T18:00:01-03:00,30C,106,Zacian (#106/128),Zacian,0.97,3.89,11.9
2026-09-23T18:00:01-03:00,30C,107,Zamazenta (#107/128),Zamazenta,0.97,2.7,9.9
2026-09-23T18:00:01-03:00,30C,108,Gholdengo (#108/128),Gholdengo,1.0,2.51,9.9
2026-09-23T18:00:01-03:00,30C,109,Salamence ex (#109/128),Salamence ex,8.0,11.75,19.9
2026-09-23T18:00:01-03:00,30C,110,Jangmo-o (#110/128),Jangmo-o,1.0,1.96,5.9
2026-09-23T18:00:01-03:00,30C,111,Hakamo-o (#111/128),Hakamo-o,0.97,2.13,5.9
2026-09-23T18:00:01-03:00,30C,112,Kommo-o (#112/128),Kommo-o,0.96,2.33,5.9
2026-09-23T18:00:01-03:00,30C,113,Meowth (#113/128),Meowth,1.2,2.57,10.9
2026-09-23T18:00:01-03:00,30C,114,Kangaskhan (#114/128),Kangaskhan,0.97,2.43,10.9
2026-09-23T18:00:01-03:00,30C,115,Ditto (#115/128),Ditto,1.5,10.56,19.9
2026-09-23T18:00:01-03:00,30C,116,Eevee (#116/128),Eevee,2.0,7.73,19.9
2026-09-23T18:00:01-03:00,30C,117,Eevee (#117/128),Eevee,2.99,9.53,19.9
2026-09-23T18:00:01-03:00,30C,118,Eevee (#118/128),Eevee,2.0,9.07,19.9
2026-09-23T18:00:01-03:00,30C,119,Snorlax (#119/128),Snorlax,1.5,6.63,35.0
2026-09-23T18:00:01-03:00,30C,120,Igglybuff (#120/128),Igglybuff,1.9,8.98,19.9
2026-09-23T18:00:01-03:00,30C,121,Lugia (#121/128),Lugia,2.5,8.63,16.9
2026-09-23T18:00:01-03:00,30C,122,Hisuian Zorua (#122/128),Zorua de Hisui,0.97,2.2,10.9
2026-09-23T18:00:01-03:00,30C,123,Hisuian Zoroark (#123/128),Zoroark de Hisui,0.97,3.19,10.9
2026-09-23T18:00:01-03:00,30C,124,Minior (#124/128),Minior,0.97,2.15,7.0
2026-09-23T18:00:01-03:00,30C,125,Maushold (#125/128),Maushold,1.95,4.62,11.9
2026-09-23T18:00:01-03:00,30C,126,Poké Pad (#126/128),Poké Tablet,9.0,17.91,29.9
2026-09-23T18:00:01-03:00,30C,127,Switch (#127/128),Substituição,1.49,5.49,14.9
2026-09-23T18:00:01-03:00,30C,128,Ultra Ball (#128/128),Ultra Bola,5.99,10.37,24.99
2026-09-23T18:00:01-03:00,30C,129,Alolan Exeggutor (#129/128),Exeggutor de Alola,36.87,49.09,99.89
2026-09-23T18:00:01-03:00,30C,130,Moltres (#130/128),Moltres,75.0,96.88,249.99
2026-09-23T18:00:01-03:00,30C,131,Lapras (#131/128),Lapras,90.0,110.76,225.0
2026-09-23T18:00:01-03:00,30C,132,Articuno (#132/128),Articuno,85.0,129.67,499.9
2026-09-23T18:00:01-03:00,30C,133,Zapdos (#133/128),Zapdos,68.0,122.81,149.9
2026-09-23T18:00:01-03:00,30C,134,Toxtricity (#134/128),Toxtricity,33.96,44.77,69.9
2026-09-23T18:00:01-03:00,30C,135,Morpeko (#135/128),Morpeko,59.5,105.05,200.0
2026-09-23T18:00:01-03:00,30C,136,Drifloon (#136/128),Drifloon,29.5,67.79,249.9
2026-09-23T18:00:01-03:00,30C,137,Chandelure (#137/128),Chandelure,29.5,56.22,109.89
2026-09-23T18:00:01-03:00,30C,138,Lycanroc (#138/128),Lycanroc,19.96,33.66,49.9
2026-09-23T18:00:01-03:00,30C,139,Alolan Meowth (#139/128),Meowth de Alola,68.0,106.57,179.9
2026-09-23T18:00:01-03:00,30C,140,Scraggy (#140/128),Scraggy,20.0,32.74,99.9
2026-09-23T18:00:01-03:00,30C,141,Galarian Meowth (#141/128),Meowth de Galar,82.99,118.96,249.9
2026-09-23T18:00:01-03:00,30C,142,Gholdengo (#142/128),Gholdengo,24.83,34.16,89.9
2026-09-23T18:00:01-03:00,30C,143,Kommo-o (#143/128),Kommo-o,24.44,43.01,219.9
2026-09-23T18:00:01-03:00,30C,144,Meowth (#144/128),Meowth,99.5,154.88,330.0
2026-09-23T18:00:01-03:00,30C,145,Hisuian Zorua (#145/128),Zorua de Hisui,65.0,94.96,150.0
2026-09-23T18:00:01-03:00,30C,146,Maushold (#146/128),Maushold,148.0,266.96,400.0
2026-09-23T18:00:01-03:00,30C,147,Fuecoco ex (#147/128),Fuecoco ex,129.98,204.83,450.0
2026-09-23T18:00:01-03:00,30C,148,Greninja ex (#148/128),Greninja ex,249.0,339.66,999.99
2026-09-23T18:00:01-03:00,30C,149,Pikachu ex (#149/128),Pikachu ex,690.0,841.58,1290.9
2026-09-23T18:00:01-03:00,30C,150,Pikachu ex (#150/128),Pikachu ex,760.0,857.98,1199.9
2026-09-23T18:00:01-03:00,30C,151,Mewtwo ex (#151/128),Mewtwo ex,699.0,1075.46,2999.99
2026-09-23T18:00:01-03:00,30C,152,Mew ex (#152/128),Mew ex,990.0,1507.28,5000.0
2026-09-23T18:00:01-03:00,30C,153,Sylveon ex (#153/128),Sylveon ex,480.0,729.14,3500.0
2026-09-23T18:00:01-03:00,30C,154,Gengar ex (#154/128),Gengar ex,798.98,1348.63,2200.0
2026-09-23T18:00:01-03:00,30C,155,Jirachi ex (#155/128),Jirachi ex,349.99,501.2,1199.0
2026-09-23T18:00:01-03:00,30C,156,Salamence ex (#156/128),Salamence ex,169.98,266.68,299.99
2026-09-23T18:00:01-03:00,30C,157,Mewtwo ex (#157/128),Mewtwo ex,590.0,748.33,1695.0
2026-09-23T18:00:01-03:00,30C,158,Mew ex (#158/128),Mew ex,750.0,1088.19,5000.0
2026-09-23T18:00:01-03:00,30C-C,004,Charizard (#004/30),Charizard,1449.9,2333.04,5000.0
2026-09-23T18:00:01-03:00,30C-C,005,Delcatty (#005/30),Delcatty,69.9,111.93,220.0
2026-09-23T18:00:01-03:00,30C-C,011,Metagross (#011/30),Metagross,99.97,156.46,300.0
2026-09-23T18:00:01-03:00,30C-C,011b,Genesect-EX (#011b/30),Genesect-EX,69.9,133.89,199.0
2026-09-23T18:00:01-03:00,30C-C,018,Misty (#018/30),Misty,119.0,157.53,229.0
2026-09-23T18:00:01-03:00,30C-C,019,Dark Tyranitar (#019/30),Tyranitar Sombrio,149.5,214.29,500.0
2026-09-23T18:00:01-03:00,30C-C,025,Sneasel (#025/30),Sneasel,55.99,110.45,500.0
2026-09-23T18:00:01-03:00,30C-C,033,Pikachu & Zekrom-GX (#033/30),Pikachu e Zekrom-GX,199.9,358.74,400.0
2026-09-23T18:00:01-03:00,30C-C,041,Greninja BREAK (#041/30),Greninja TURBO,83.99,104.87,149.89
2026-09-23T18:00:01-03:00,30C-C,043,Uxie (#043/30),Uxie,59.9,102.08,169.9
2026-09-23T18:00:01-03:00,30C-C,047,Crobat G (#047/30),Crobat G,51.29,245.33,360.0
2026-09-23T18:00:01-03:00,30C-C,050,Raikou (#050/30),Raikou,54.99,143.55,500.0
2026-09-23T18:00:01-03:00,30C-C,057,Buzzwole-GX (#057/30),Buzzwole-GX,60.0,88.55,149.5
2026-09-23T18:00:01-03:00,30C-C,058,Pikachu (#058/30),Pikachu,242.0,308.06,399.0
2026-09-23T18:00:01-03:00,30C-C,069,Erika's Jigglypuff (#069/30),Jigglypuff da Érica,132.0,164.84,199.9
2026-09-23T18:00:01-03:00,30C-C,085,Rayquaza-EX (#085/30),Rayquaza-EX,149.9,254.47,500.0
2026-09-23T18:00:01-03:00,30C-C,089,Solgaleo-GX (#089/30),Solgaleo-GX,65.0,124.43,199.0
2026-09-23T18:00:01-03:00,30C-C,094,Gengar (#094/30),Gengar,449.99,725.51,1299.9
2026-09-23T18:00:01-03:00,30C-C,099,Darkrai & Cresselia LEGEND (#099/30),Darkrai & Cresselia LENDA,199.5,282.62,310.8
2026-09-23T18:00:01-03:00,30C-C,100,Darkrai & Cresselia LEGEND (#100/30),Darkrai & Cresselia LENDA,189.9,248.76,354.3
2026-09-23T18:00:01-03:00,30C-C,101,N (#101/30),N,149.5,218.13,700.0
2026-09-23T18:00:01-03:00,30C-C,106,Palkia LV.X (#106/30),Palkia LV.X,149.9,393.43,550.0
2026-09-23T18:00:01-03:00,30C-C,106b,M Gardevoir-EX (#106b/30),M Gardevoir-EX,120.0,214.96,250.0
2026-09-23T18:00:01-03:00,30C-C,106c,Shining Celebi (#106c/30),Celebi Luminescente,379.0,616.27,1200.0
2026-09-23T18:00:01-03:00,30C-C,108,Scizor ex (#108/30),Scizor ex,94.99,135.56,150.0
2026-09-23T18:00:01-03:00,30C-C,114,Mew-VMAX (#114/30),Mew-VMAX,135.0,196.81,229.9
2026-09-23T18:00:01-03:00,30C-C,123,Arceus-VSTAR (#123/30),Arceus-V-ASTRO,699.0,840.27,900.0
2026-09-23T18:00:01-03:00,30C-C,138,Zacian-V (#138/30),Zacian-V,200.0,289.92,450.0
2026-09-23T18:00:01-03:00,30C-C,149,Lugia (#149/30),Lugia,1499.0,1923.67,2449.9
2026-09-23T18:00:01-03:00,30C-C,203,Magikarp (#203/30),Magikarp,685.0,823.82,999.99
2026-09-23T18:05:13-03:00,30C,001,Exeggcute (#001/128),Exeggcute,1.0,2.3,5.9
2026-09-23T18:05:13-03:00,30C,002,Alolan Exeggutor (#002/128),Exeggutor de Alola,1.72,2.81,5.9
2026-09-23T18:05:13-03:00,30C,003,Volbeat (#003/128),Volbeat,0.96,2.29,5.9
2026-09-23T18:05:13-03:00,30C,004,Illumise (#004/128),Illumise,0.96,2.1,5.9
2026-09-23T18:05:13-03:00,30C,005,Tropius (#005/128),Tropius,0.96,2.0,7.0
2026-09-23T18:05:13-03:00,30C,006,Cherubi (#006/128),Cherubi,0.96,2.02,5.9
2026-09-23T18:05:13-03:00,30C,007,Cherrim (#007/128),Cherrim,0.97,2.24,5.9
2026-09-23T18:05:13-03:00,30C,008,Vivillon (#008/128),Vivillon,1.29,2.36,5.9
2026-09-23T18:05:13-03:00,30C,009,Vulpix (#009/128),Vulpix,0.97,2.67,9.9
2026-09-23T18:05:13-03:00,30C,010,Ninetales (#010/128),Ninetales,1.5,2.81,5.9
2026-09-23T18:05:13-03:00,30C,011,Moltres (#011/128),Moltres,2.0,5.1,14.9
2026-09-23T18:05:13-03:00,30C,012,Ho-Oh (#012/128),Ho-Oh,1.88,4.72,9.9
2026-09-23T18:05:13-03:00,30C,013,Victini (#013/128),Victini,1.5,2.72,9.9
2026-09-23T18:05:13-03:00,30C,014,Reshiram (#014/128),Reshiram,0.96,2.73,8.9
2026-09-23T18:05:13-03:00,30C,015,Fuecoco ex (#015/128),Fuecoco ex,4.99,9.78,39.9
2026-09-23T18:05:13-03:00,30C,016,Slowpoke (#016/128),Slowpoke,0.97,3.09,11.9
2026-09-23T18:05:13-03:00,30C,017,Lapras (#017/128),Lapras,0.96,4.0,19.9
2026-09-23T18:05:13-03:00,30C,018,Articuno (#018/128),Articuno,2.5,11.16,34.9
2026-09-23T18:05:13-03:00,30C,019,Kyogre (#019/128),Kyogre,0.96,5.67,9.9
2026-09-23T18:05:13-03:00,30C,020,Palkia (#020/128),Palkia,1.5,3.37,9.9
2026-09-23T18:05:13-03:00,30C,021,Greninja ex (#021/128),Greninja ex,11.25,18.06,39.9
2026-09-23T18:05:13-03:00,30C,022,Wishiwashi (#022/128),Wishiwashi,0.96,2.05,5.9
2026-09-23T18:05:13-03:00,30C,023,Pikachu (#023/128),Pikachu,9.96,20.67,39.9
2026-09-23T18:05:13-03:00,30C,024,Pikachu (#024/128),Pikachu,9.5,19.92,39.9
2026-09-23T18:05:13-03:00,30C,025,Pikachu (#025/128),Pikachu,7.9,19.02,39.9
2026-09-23T18:05:13-03:00,30C,026,Pikachu (#026/128),Pikachu,12.98,23.42,59.9
2026-09-23T18:05:13-03:00,30C,027,Pikachu (#027/128),Pikachu,17.95,35.02,69.89
2026-09-23T18:05:13-03:00,30C,028,Pikachu (#028/128),Pikachu,19.99,27.62,99.9
2026-09-23T18:05:13-03:00,30C,029,Pikachu (#029/128),Pikachu,9.5,28.96,65.0
2026-09-23T18:05:13-03:00,30C,030,Pikachu (#030/128),Pikachu,9.5,18.24,39.9
2026-09-23T18:05:13-03:00,30C,031,Pikachu (#031/128),Pikachu,10.95,20.67,39.9
2026-09-23T18:05:13-03:00,30C,032,Pikachu (#032/128),Pikachu,19.0,52.34,89.9
2026-09-23T18:05:13-03:00,30C,033,Pikachu (#033/128),Pikachu,9.5,20.25,39.9
2026-09-23T18:05:13-03:00,30C,034,Pikachu (#034/128),Pikachu,14.88,66.63,99.9
2026-09-23T18:05:13-03:00,30C,035,Pikachu (#035/128),Pikachu,12.0,24.89,39.9
2026-09-23T18:05:13-03:00,30C,036,Pikachu (#036/128),Pikachu,14.0,30.22,89.9
2026-09-23T18:05:13-03:00,30C,037,Pikachu (#037/128),Pikachu,9.5,30.91,79.9
2026-09-23T18:05:13-03:00,30C,038,Pikachu (#038/128),Pikachu,9.5,26.49,99.9
2026-09-23T18:05:13-03:00,30C,039,Pikachu (#039/128),Pikachu,13.98,27.39,39.9
2026-09-23T18:05:13-03:00,30C,040,Pikachu (#040/128),Pikachu,19.98,55.9,120.0
2026-09-23T18:05:13-03:00,30C,041,Pikachu (#041/128),Pikachu,10.46,19.95,39.9
2026-09-23T18:05:13-03:00,30C,042,Pikachu (#042/128),Pikachu,9.5,20.65,39.9
2026-09-23T18:05:13-03:00,30C,043,Pikachu (#043/128),Pikachu,14.98,25.61,39.9
2026-09-23T18:05:13-03:00,30C,044,Pikachu (#044/128),Pikachu,9.5,25.57,39.9
2026-09-23T18:05:13-03:00,30C,045,Pikachu (#045/128),Pikachu,9.9,22.0,89.9
2026-09-23T18:05:13-03:00,30C,046,Pikachu (#046/128),Pikachu,13.89,22.23,39.9
2026-09-23T18:05:13-03:00,30C,047,Pikachu (#047/128),Pikachu,9.5,19.94,39.9
2026-09-23T18:05:13-03:00,30C,048,Pikachu (#048/128),Pikachu,9.9,25.29,99.9
2026-09-23T18:05:13-03:00,30C,049,Pikachu (#049/128),Pikachu,9.5,19.58,39.9
2026-09-23T18:05:13-03:00,30C,050,Pikachu (#050/128),Pikachu,9.9,30.21,99.9
2026-09-23T18:05:13-03:00,30C,051,Pikachu (#051/128),Pikachu,10.9,19.65,39.9
2026-09-23T18:05:13-03:00,30C,052,Pikachu (#052/128),Pikachu,13.87,23.15,99.9
2026-09-23T18:05:13-03:00,30C,053,Pikachu ex (#053/128),Pikachu ex,17.99,29.75,51.9
2026-09-23T18:05:13-03:00,30C,054,Pikachu ex (#054/128),Pikachu ex,19.5,31.95,51.9
2026-09-23T18:05:13-03:00,30C,055,Zapdos (#055/128),Zapdos,1.72,8.97,14.9
2026-09-23T18:05:13-03:00,30C,056,Zekrom (#056/128),Zekrom,0.96,2.86,14.9
2026-09-23T18:05:13-03:00,30C,057,Zeraora (#057/128),Zeraora,1.3,2.81,7.0
2026-09-23T18:05:13-03:00,30C,058,Toxel (#058/128),Toxel,0.96,1.92,5.9
2026-09-23T18:05:13-03:00,30C,059,Toxtricity (#059/128),Toxtricity,1.0,2.43,5.9
2026-09-23T18:05:13-03:00,30C,060,Toxtricity (#060/128),Toxtricity,1.0,2.57,5.9
2026-09-23T18:05:13-03:00,30C,061,Morpeko (#061/128),Morpeko,0.96,2.49,5.9
2026-09-23T18:05:13-03:00,30C,062,Miraidon (#062/128),Miraidon,0.98,2.53,5.9
2026-09-23T18:05:13-03:00,30C,063,Mewtwo (#063/128),Mewtwo,1.9,8.89,29.9
2026-09-23T18:05:13-03:00,30C,064,Mewtwo ex (#064/128),Mewtwo ex,11.72,18.91,39.89
2026-09-23T18:05:13-03:00,30C,065,Mew (#065/128),Mew,4.9,12.18,50.0
2026-09-23T18:05:13-03:00,30C,066,Mew ex (#066/128),Mew ex,75.0,99.72,119.9
2026-09-23T18:05:13-03:00,30C,067,Marill (#067/128),Marill,1.0,2.01,5.9
2026-09-23T18:05:13-03:00,30C,068,Azumarill (#068/128),Azumarill,1.49,2.18,5.9
2026-09-23T18:05:13-03:00,30C,069,Espeon (#069/128),Espeon,3.0,13.5,39.9
2026-09-23T18:05:13-03:00,30C,070,Espeon ex (#070/128),Espeon ex,15.0,25.22,30.0
2026-09-23T18:05:13-03:00,30C,071,Sylveon ex (#071/128),Sylveon ex,9.9,21.27,49.5
2026-09-23T18:05:13-03:00,30C,072,Unown (#072/128),Unown,1.5,4.28,16.9
2026-09-23T18:05:13-03:00,30C,073,Drifloon (#073/128),Drifloon,0.96,1.95,5.9
2026-09-23T18:05:13-03:00,30C,074,Cresselia (#074/128),Cresselia,0.96,2.42,5.9
2026-09-23T18:05:13-03:00,30C,075,Chandelure (#075/128),Chandelure,0.99,2.63,39.99
2026-09-23T18:05:13-03:00,30C,076,Xerneas (#076/128),Xerneas,0.97,2.52,6.9
2026-09-23T18:05:13-03:00,30C,077,Comfey (#077/128),Comfey,0.96,1.8,5.9
2026-09-23T18:05:13-03:00,30C,078,Cosmog (#078/128),Cosmog,0.96,1.94,5.9
2026-09-23T18:05:13-03:00,30C,079,Cosmoem (#079/128),Cosmoem,0.96,2.29,5.9
2026-09-23T18:05:13-03:00,30C,080,Lunala (#080/128),Lunala,1.5,3.7,6.9
2026-09-23T18:05:13-03:00,30C,081,Gimmighoul (#081/128),Gimmighoul,0.96,1.99,5.9
2026-09-23T18:05:13-03:00,30C,082,Groudon (#082/128),Groudon,0.97,3.0,11.38
2026-09-23T18:05:13-03:00,30C,083,Lucario (#083/128),Lucario,1.48,3.24,9.99
2026-09-23T18:05:13-03:00,30C,084,Seismitoad (#084/128),Seismitoad,0.99,2.39,5.9
2026-09-23T18:05:13-03:00,30C,085,Lycanroc (#085/128),Lycanroc,1.2,3.12,23.99
2026-09-23T18:05:13-03:00,30C,086,Koraidon (#086/128),Koraidon,1.0,3.08,6.9
2026-09-23T18:05:13-03:00,30C,087,Nidoran Female (#087/128),Nidoran Fêmea,0.9,1.58,5.9
2026-09-23T18:05:13-03:00,30C,088,Nidorina (#088/128),Nidorina,0.96,2.25,9.9
2026-09-23T18:05:13-03:00,30C,089,Alolan Meowth (#089/128),Meowth de Alola,0.97,2.51,5.9
2026-09-23T18:05:13-03:00,30C,090,Gengar ex (#090/128),Gengar ex,27.0,37.5,65.0
2026-09-23T18:05:13-03:00,30C,091,Umbreon (#091/128),Umbreon,5.39,22.06,49.9
2026-09-23T18:05:13-03:00,30C,092,Umbreon ex (#092/128),Umbreon ex,19.88,31.08,50.0
2026-09-23T18:05:13-03:00,30C,093,Murkrow (#093/128),Murkrow,0.96,2.18,5.9
2026-09-23T18:05:13-03:00,30C,094,Scraggy (#094/128),Scraggy,0.96,2.31,5.9
2026-09-23T18:05:13-03:00,30C,095,Zorua (#095/128),Zorua,1.4,3.22,5.9
2026-09-23T18:05:13-03:00,30C,096,Zoroark (#096/128),Zoroark,1.0,3.07,9.9
2026-09-23T18:05:13-03:00,30C,097,Deino (#097/128),Deino,0.96,2.2,5.9
2026-09-23T18:05:13-03:00,30C,098,Zweilous (#098/128),Zweilous,1.0,2.32,5.9
2026-09-23T18:05:13-03:00,30C,099,Hydreigon (#099/128),Hydreigon,1.0,2.83,9.9
2026-09-23T18:05:13-03:00,30C,100,Yveltal (#100/128),Yveltal,1.0,4.07,6.9
2026-09-23T18:05:13-03:00,30C,101,Galarian Meowth (#101/128),Meowth de Galar,1.5,2.18,9.9
2026-09-23T18:05:13-03:00,30C,102,Jirachi ex (#102/128),Jirachi ex,5.99,13.46,22.0
2026-09-23T18:05:13-03:00,30C,103,Dialga (#103/128),Dialga,1.5,3.27,9.89
2026-09-23T18:05:13-03:00,30C,104,Ferrothorn (#104/128),Ferrothorn,0.97,2.76,5.9
2026-09-23T18:05:13-03:00,30C,105,Solgaleo (#105/128),Solgaleo,0.97,2.55,6.9
2026-09-23T18:05:13-03:00,30C,106,Zacian (#106/128),Zacian,0.97,3.89,11.9
2026-09-23T18:05:13-03:00,30C,107,Zamazenta (#107/128),Zamazenta,0.97,2.7,9.9
2026-09-23T18:05:13-03:00,30C,108,Gholdengo (#108/128),Gholdengo,1.0,2.51,9.9
2026-09-23T18:05:13-03:00,30C,109,Salamence ex (#109/128),Salamence ex,8.0,11.75,19.9
2026-09-23T18:05:13-03:00,30C,110,Jangmo-o (#110/128),Jangmo-o,1.0,1.96,5.9
2026-09-23T18:05:13-03:00,30C,111,Hakamo-o (#111/128),Hakamo-o,0.97,2.13,5.9
2026-09-23T18:05:13-03:00,30C,112,Kommo-o (#112/128),Kommo-o,0.96,2.33,5.9
2026-09-23T18:05:13-03:00,30C,113,Meowth (#113/128),Meowth,1.2,2.57,10.9
2026-09-23T18:05:13-03:00,30C,114,Kangaskhan (#114/128),Kangaskhan,0.97,2.43,10.9
2026-09-23T18:05:13-03:00,30C,115,Ditto (#115/128),Ditto,1.5,10.56,19.9
2026-09-23T18:05:13-03:00,30C,116,Eevee (#116/128),Eevee,2.0,7.73,19.9
2026-09-23T18:05:13-03:00,30C,117,Eevee (#117/128),Eevee,2.99,9.53,19.9
2026-09-23T18:05:13-03:00,30C,118,Eevee (#118/128),Eevee,2.0,9.07,19.9
2026-09-23T18:05:13-03:00,30C,119,Snorlax (#119/128),Snorlax,1.5,6.63,35.0
2026-09-23T18:05:13-03:00,30C,120,Igglybuff (#120/128),Igglybuff,1.9,8.98,19.9
2026-09-23T18:05:13-03:00,30C,121,Lugia (#121/128),Lugia,2.5,8.63,16.9
2026-09-23T18:05:13-03:00,30C,122,Hisuian Zorua (#122/128),Zorua de Hisui,0.97,2.2,10.9
2026-09-23T18:05:13-03:00,30C,123,Hisuian Zoroark (#123/128),Zoroark de Hisui,0.97,3.19,10.9
2026-09-23T18:05:13-03:00,30C,124,Minior (#124/128),Minior,0.97,2.15,7.0
2026-09-23T18:05:13-03:00,30C,125,Maushold (#125/128),Maushold,1.95,4.62,11.9
2026-09-23T18:05:13-03:00,30C,126,Poké Pad (#126/128),Poké Tablet,9.0,17.91,29.9
2026-09-23T18:05:13-03:00,30C,127,Switch (#127/128),Substituição,1.49,5.49,14.9
2026-09-23T18:05:13-03:00,30C,128,Ultra Ball (#128/128),Ultra Bola,5.99,10.37,24.99
2026-09-23T18:05:13-03:00,30C,129,Alolan Exeggutor (#129/128),Exeggutor de Alola,36.87,49.09,99.89
2026-09-23T18:05:13-03:00,30C,130,Moltres (#130/128),Moltres,75.0,96.88,249.99
2026-09-23T18:05:13-03:00,30C,131,Lapras (#131/128),Lapras,90.0,110.76,225.0
2026-09-23T18:05:13-03:00,30C,132,Articuno (#132/128),Articuno,85.0,129.67,499.9
2026-09-23T18:05:13-03:00,30C,133,Zapdos (#133/128),Zapdos,68.0,122.81,149.9
2026-09-23T18:05:13-03:00,30C,134,Toxtricity (#134/128),Toxtricity,33.96,44.77,69.9
2026-09-23T18:05:13-03:00,30C,135,Morpeko (#135/128),Morpeko,59.5,105.05,200.0
2026-09-23T18:05:13-03:00,30C,136,Drifloon (#136/128),Drifloon,29.5,67.79,249.9
2026-09-23T18:05:13-03:00,30C,137,Chandelure (#137/128),Chandelure,29.5,56.22,109.89
2026-09-23T18:05:13-03:00,30C,138,Lycanroc (#138/128),Lycanroc,19.96,33.66,49.9
2026-09-23T18:05:13-03:00,30C,139,Alolan Meowth (#139/128),Meowth de Alola,68.0,106.57,179.9
2026-09-23T18:05:13-03:00,30C,140,Scraggy (#140/128),Scraggy,20.0,32.74,99.9
2026-09-23T18:05:13-03:00,30C,141,Galarian Meowth (#141/128),Meowth de Galar,82.99,118.96,249.9
2026-09-23T18:05:13-03:00,30C,142,Gholdengo (#142/128),Gholdengo,24.83,34.16,89.9
2026-09-23T18:05:13-03:00,30C,143,Kommo-o (#143/128),Kommo-o,24.44,43.01,219.9
2026-09-23T18:05:13-03:00,30C,144,Meowth (#144/128),Meowth,99.5,154.88,330.0
2026-09-23T18:05:13-03:00,30C,145,Hisuian Zorua (#145/128),Zorua de Hisui,65.0,94.96,150.0
2026-09-23T18:05:13-03:00,30C,146,Maushold (#146/128),Maushold,148.0,266.96,400.0
2026-09-23T18:05:13-03:00,30C,147,Fuecoco ex (#147/128),Fuecoco ex,129.98,204.83,450.0
2026-09-23T18:05:13-03:00,30C,148,Greninja ex (#148/128),Greninja ex,249.0,339.66,999.99
2026-09-23T18:05:13-03:00,30C,149,Pikachu ex (#149/128),Pikachu ex,690.0,841.58,1290.9
2026-09-23T18:05:13-03:00,30C,150,Pikachu ex (#150/128),Pikachu ex,760.0,857.98,1199.9
2026-09-23T18:05:13-03:00,30C,151,Mewtwo ex (#151/128),Mewtwo ex,699.0,1075.46,2999.99
2026-09-23T18:05:13-03:00,30C,152,Mew ex (#152/128),Mew ex,990.0,1507.28,5000.0
2026-09-23T18:05:13-03:00,30C,153,Sylveon ex (#153/128),Sylveon ex,480.0,729.14,3500.0
2026-09-23T18:05:13-03:00,30C,154,Gengar ex (#154/128),Gengar ex,798.98,1348.63,2200.0
2026-09-23T18:05:13-03:00,30C,155,Jirachi ex (#155/128),Jirachi ex,349.99,501.2,1199.0
2026-09-23T18:05:13-03:00,30C,156,Salamence ex (#156/128),Salamence ex,169.98,266.68,299.99
2026-09-23T18:05:13-03:00,30C,157,Mewtwo ex (#157/128),Mewtwo ex,590.0,748.33,1695.0
2026-09-23T18:05:13-03:00,30C,158,Mew ex (#158/128),Mew ex,750.0,1088.19,5000.0
2026-09-23T18:05:13-03:00,30C-C,004,Charizard (#004/30),Charizard,1449.9,2333.04,5000.0
2026-09-23T18:05:13-03:00,30C-C,005,Delcatty (#005/30),Delcatty,69.9,111.93,220.0
2026-09-23T18:05:13-03:00,30C-C,011,Metagross (#011/30),Metagross,99.97,156.46,300.0
2026-09-23T18:05:13-03:00,30C-C,011b,Genesect-EX (#011b/30),Genesect-EX,69.9,133.89,199.0
2026-09-23T18:05:13-03:00,30C-C,018,Misty (#018/30),Misty,119.0,157.53,229.0
2026-09-23T18:05:13-03:00,30C-C,019,Dark Tyranitar (#019/30),Tyranitar Sombrio,149.5,214.29,500.0
2026-09-23T18:05:13-03:00,30C-C,025,Sneasel (#025/30),Sneasel,55.99,110.45,500.0
2026-09-23T18:05:13-03:00,30C-C,033,Pikachu & Zekrom-GX (#033/30),Pikachu e Zekrom-GX,199.9,358.74,400.0
2026-09-23T18:05:13-03:00,30C-C,041,Greninja BREAK (#041/30),Greninja TURBO,83.99,104.87,149.89
2026-09-23T18:05:13-03:00,30C-C,043,Uxie (#043/30),Uxie,59.9,102.08,169.9
2026-09-23T18:05:13-03:00,30C-C,047,Crobat G (#047/30),Crobat G,51.29,245.33,360.0
2026-09-23T18:05:13-03:00,30C-C,050,Raikou (#050/30),Raikou,54.99,143.55,500.0
2026-09-23T18:05:13-03:00,30C-C,057,Buzzwole-GX (#057/30),Buzzwole-GX,60.0,88.55,149.5
2026-09-23T18:05:13-03:00,30C-C,058,Pikachu (#058/30),Pikachu,242.0,308.06,399.0
2026-09-23T18:05:13-03:00,30C-C,069,Erika's Jigglypuff (#069/30),Jigglypuff da Érica,132.0,164.84,199.9
2026-09-23T18:05:13-03:00,30C-C,085,Rayquaza-EX (#085/30),Rayquaza-EX,149.9,254.47,500.0
2026-09-23T18:05:13-03:00,30C-C,089,Solgaleo-GX (#089/30),Solgaleo-GX,65.0,124.43,199.0
2026-09-23T18:05:13-03:00,30C-C,094,Gengar (#094/30),Gengar,449.99,725.51,1299.9
2026-09-23T18:05:13-03:00,30C-C,099,Darkrai & Cresselia LEGEND (#099/30),Darkrai & Cresselia LENDA,199.5,282.62,310.8
2026-09-23T18:05:13-03:00,30C-C,100,Darkrai & Cresselia LEGEND (#100/30),Darkrai & Cresselia LENDA,189.9,248.76,354.3
2026-09-23T18:05:13-03:00,30C-C,101,N (#101/30),N,149.5,218.13,700.0
2026-09-23T18:05:13-03:00,30C-C,106,Palkia LV.X (#106/30),Palkia LV.X,149.9,393.43,550.0
2026-09-23T18:05:13-03:00,30C-C,106b,M Gardevoir-EX (#106b/30),M Gardevoir-EX,120.0,214.96,250.0
2026-09-23T18:05:13-03:00,30C-C,106c,Shining Celebi (#106c/30),Celebi Luminescente,379.0,616.27,1200.0
2026-09-23T18:05:13-03:00,30C-C,108,Scizor ex (#108/30),Scizor ex,94.99,135.56,150.0
2026-09-23T18:05:13-03:00,30C-C,114,Mew-VMAX (#114/30),Mew-VMAX,135.0,196.81,229.9
2026-09-23T18:05:13-03:00,30C-C,123,Arceus-VSTAR (#123/30),Arceus-V-ASTRO,699.0,840.27,900.0
2026-09-23T18:05:13-03:00,30C-C,138,Zacian-V (#138/30),Zacian-V,200.0,289.92,450.0
2026-09-23T18:05:13-03:00,30C-C,149,Lugia (#149/30),Lugia,1499.0,1923.67,2449.9
2026-09-23T18:05:13-03:00,30C-C,203,Magikarp (#203/30),Magikarp,685.0,823.82,999.99
2026-09-23T18:05:27-03:00,30C,001,Exeggcute (#001/128),Exeggcute,1.0,2.3,5.9
2026-09-23T18:05:27-03:00,30C,002,Alolan Exeggutor (#002/128),Exeggutor de Alola,1.72,2.81,5.9
2026-09-23T18:05:27-03:00,30C,003,Volbeat (#003/128),Volbeat,0.96,2.29,5.9
2026-09-23T18:05:27-03:00,30C,004,Illumise (#004/128),Illumise,0.96,2.1,5.9
2026-09-23T18:05:27-03:00,30C,005,Tropius (#005/128),Tropius,0.96,2.0,7.0
2026-09-23T18:05:27-03:00,30C,006,Cherubi (#006/128),Cherubi,0.96,2.02,5.9
2026-09-23T18:05:27-03:00,30C,007,Cherrim (#007/128),Cherrim,0.97,2.24,5.9
2026-09-23T18:05:27-03:00,30C,008,Vivillon (#008/128),Vivillon,1.29,2.36,5.9
2026-09-23T18:05:27-03:00,30C,009,Vulpix (#009/128),Vulpix,0.97,2.67,9.9
2026-09-23T18:05:27-03:00,30C,010,Ninetales (#010/128),Ninetales,1.5,2.81,5.9
2026-09-23T18:05:27-03:00,30C,011,Moltres (#011/128),Moltres,2.0,5.1,14.9
2026-09-23T18:05:27-03:00,30C,012,Ho-Oh (#012/128),Ho-Oh,1.88,4.72,9.9
2026-09-23T18:05:27-03:00,30C,013,Victini (#013/128),Victini,1.5,2.72,9.9
2026-09-23T18:05:27-03:00,30C,014,Reshiram (#014/128),Reshiram,0.96,2.73,8.9
2026-09-23T18:05:27-03:00,30C,015,Fuecoco ex (#015/128),Fuecoco ex,4.99,9.78,39.9
2026-09-23T18:05:27-03:00,30C,016,Slowpoke (#016/128),Slowpoke,0.97,3.09,11.9
2026-09-23T18:05:27-03:00,30C,017,Lapras (#017/128),Lapras,0.96,4.0,19.9
2026-09-23T18:05:27-03:00,30C,018,Articuno (#018/128),Articuno,2.5,11.16,34.9
2026-09-23T18:05:27-03:00,30C,019,Kyogre (#019/128),Kyogre,0.96,5.67,9.9
2026-09-23T18:05:27-03:00,30C,020,Palkia (#020/128),Palkia,1.5,3.37,9.9
2026-09-23T18:05:27-03:00,30C,021,Greninja ex (#021/128),Greninja ex,11.25,18.06,39.9
2026-09-23T18:05:27-03:00,30C,022,Wishiwashi (#022/128),Wishiwashi,0.96,2.05,5.9
2026-09-23T18:05:27-03:00,30C,023,Pikachu (#023/128),Pikachu,9.96,20.67,39.9
2026-09-23T18:05:27-03:00,30C,024,Pikachu (#024/128),Pikachu,9.5,19.92,39.9
2026-09-23T18:05:27-03:00,30C,025,Pikachu (#025/128),Pikachu,7.9,19.02,39.9
2026-09-23T18:05:27-03:00,30C,026,Pikachu (#026/128),Pikachu,12.98,23.42,59.9
2026-09-23T18:05:27-03:00,30C,027,Pikachu (#027/128),Pikachu,17.95,35.02,69.89
2026-09-23T18:05:27-03:00,30C,028,Pikachu (#028/128),Pikachu,19.99,27.62,99.9
2026-09-23T18:05:27-03:00,30C,029,Pikachu (#029/128),Pikachu,9.5,28.96,65.0
2026-09-23T18:05:27-03:00,30C,030,Pikachu (#030/128),Pikachu,9.5,18.24,39.9
2026-09-23T18:05:27-03:00,30C,031,Pikachu (#031/128),Pikachu,10.95,20.67,39.9
2026-09-23T18:05:27-03:00,30C,032,Pikachu (#032/128),Pikachu,19.0,52.34,89.9
2026-09-23T18:05:27-03:00,30C,033,Pikachu (#033/128),Pikachu,9.5,20.25,39.9
2026-09-23T18:05:27-03:00,30C,034,Pikachu (#034/128),Pikachu,14.88,66.63,99.9
2026-09-23T18:05:27-03:00,30C,035,Pikachu (#035/128),Pikachu,12.0,24.89,39.9
2026-09-23T18:05:27-03:00,30C,036,Pikachu (#036/128),Pikachu,14.0,30.22,89.9
2026-09-23T18:05:27-03:00,30C,037,Pikachu (#037/128),Pikachu,9.5,30.91,79.9
2026-09-23T18:05:27-03:00,30C,038,Pikachu (#038/128),Pikachu,9.5,26.49,99.9
2026-09-23T18:05:27-03:00,30C,039,Pikachu (#039/128),Pikachu,13.98,27.39,39.9
2026-09-23T18:05:27-03:00,30C,040,Pikachu (#040/128),Pikachu,19.98,55.9,120.0
2026-09-23T18:05:27-03:00,30C,041,Pikachu (#041/128),Pikachu,10.46,19.95,39.9
2026-09-23T18:05:27-03:00,30C,042,Pikachu (#042/128),Pikachu,9.5,20.65,39.9
2026-09-23T18:05:27-03:00,30C,043,Pikachu (#043/128),Pikachu,14.98,25.61,39.9
2026-09-23T18:05:27-03:00,30C,044,Pikachu (#044/128),Pikachu,9.5,25.57,39.9
2026-09-23T18:05:27-03:00,30C,045,Pikachu (#045/128),Pikachu,9.9,22.0,89.9
2026-09-23T18:05:27-03:00,30C,046,Pikachu (#046/128),Pikachu,13.89,22.23,39.9
2026-09-23T18:05:27-03:00,30C,047,Pikachu (#047/128),Pikachu,9.5,19.94,39.9
2026-09-23T18:05:27-03:00,30C,048,Pikachu (#048/128),Pikachu,9.9,25.29,99.9
2026-09-23T18:05:27-03:00,30C,049,Pikachu (#049/128),Pikachu,9.5,19.58,39.9
2026-09-23T18:05:27-03:00,30C,050,Pikachu (#050/128),Pikachu,9.9,30.21,99.9
2026-09-23T18:05:27-03:00,30C,051,Pikachu (#051/128),Pikachu,10.9,19.65,39.9
2026-09-23T18:05:27-03:00,30C,052,Pikachu (#052/128),Pikachu,13.87,23.15,99.9
2026-09-23T18:05:27-03:00,30C,053,Pikachu ex (#053/128),Pikachu ex,17.99,29.75,51.9
2026-09-23T18:05:27-03:00,30C,054,Pikachu ex (#054/128),Pikachu ex,19.5,31.95,51.9
2026-09-23T18:05:27-03:00,30C,055,Zapdos (#055/128),Zapdos,1.72,8.97,14.9
2026-09-23T18:05:27-03:00,30C,056,Zekrom (#056/128),Zekrom,0.96,2.86,14.9
2026-09-23T18:05:27-03:00,30C,057,Zeraora (#057/128),Zeraora,1.3,2.81,7.0
2026-09-23T18:05:27-03:00,30C,058,Toxel (#058/128),Toxel,0.96,1.92,5.9
2026-09-23T18:05:27-03:00,30C,059,Toxtricity (#059/128),Toxtricity,1.0,2.43,5.9
2026-09-23T18:05:27-03:00,30C,060,Toxtricity (#060/128),Toxtricity,1.0,2.57,5.9
2026-09-23T18:05:27-03:00,30C,061,Morpeko (#061/128),Morpeko,0.96,2.49,5.9
2026-09-23T18:05:27-03:00,30C,062,Miraidon (#062/128),Miraidon,0.98,2.53,5.9
2026-09-23T18:05:27-03:00,30C,063,Mewtwo (#063/128),Mewtwo,1.9,8.89,29.9
2026-09-23T18:05:27-03:00,30C,064,Mewtwo ex (#064/128),Mewtwo ex,11.72,18.91,39.89
2026-09-23T18:05:27-03:00,30C,065,Mew (#065/128),Mew,4.9,12.18,50.0
2026-09-23T18:05:27-03:00,30C,066,Mew ex (#066/128),Mew ex,75.0,99.72,119.9
2026-09-23T18:05:27-03:00,30C,067,Marill (#067/128),Marill,1.0,2.01,5.9
2026-09-23T18:05:27-03:00,30C,068,Azumarill (#068/128),Azumarill,1.49,2.18,5.9
2026-09-23T18:05:27-03:00,30C,069,Espeon (#069/128),Espeon,3.0,13.5,39.9
2026-09-23T18:05:27-03:00,30C,070,Espeon ex (#070/128),Espeon ex,15.0,25.22,30.0
2026-09-23T18:05:27-03:00,30C,071,Sylveon ex (#071/128),Sylveon ex,9.9,21.27,49.5
2026-09-23T18:05:27-03:00,30C,072,Unown (#072/128),Unown,1.5,4.28,16.9
2026-09-23T18:05:27-03:00,30C,073,Drifloon (#073/128),Drifloon,0.96,1.95,5.9
2026-09-23T18:05:27-03:00,30C,074,Cresselia (#074/128),Cresselia,0.96,2.42,5.9
2026-09-23T18:05:27-03:00,30C,075,Chandelure (#075/128),Chandelure,0.99,2.63,39.99
2026-09-23T18:05:27-03:00,30C,076,Xerneas (#076/128),Xerneas,0.97,2.52,6.9
2026-09-23T18:05:27-03:00,30C,077,Comfey (#077/128),Comfey,0.96,1.8,5.9
2026-09-23T18:05:27-03:00,30C,078,Cosmog (#078/128),Cosmog,0.96,1.94,5.9
2026-09-23T18:05:27-03:00,30C,079,Cosmoem (#079/128),Cosmoem,0.96,2.29,5.9
2026-09-23T18:05:27-03:00,30C,080,Lunala (#080/128),Lunala,1.5,3.7,6.9
2026-09-23T18:05:27-03:00,30C,081,Gimmighoul (#081/128),Gimmighoul,0.96,1.99,5.9
2026-09-23T18:05:27-03:00,30C,082,Groudon (#082/128),Groudon,0.97,3.0,11.38
2026-09-23T18:05:27-03:00,30C,083,Lucario (#083/128),Lucario,1.48,3.24,9.99
2026-09-23T18:05:27-03:00,30C,084,Seismitoad (#084/128),Seismitoad,0.99,2.39,5.9
2026-09-23T18:05:27-03:00,30C,085,Lycanroc (#085/128),Lycanroc,1.2,3.12,23.99
2026-09-23T18:05:27-03:00,30C,086,Koraidon (#086/128),Koraidon,1.0,3.08,6.9
2026-09-23T18:05:27-03:00,30C,087,Nidoran Female (#087/128),Nidoran Fêmea,0.9,1.58,5.9
2026-09-23T18:05:27-03:00,30C,088,Nidorina (#088/128),Nidorina,0.96,2.25,9.9
2026-09-23T18:05:27-03:00,30C,089,Alolan Meowth (#089/128),Meowth de Alola,0.97,2.51,5.9
2026-09-23T18:05:27-03:00,30C,090,Gengar ex (#090/128),Gengar ex,27.0,37.5,65.0
2026-09-23T18:05:27-03:00,30C,091,Umbreon (#091/128),Umbreon,5.39,22.06,49.9
2026-09-23T18:05:27-03:00,30C,092,Umbreon ex (#092/128),Umbreon ex,19.88,31.08,50.0
2026-09-23T18:05:27-03:00,30C,093,Murkrow (#093/128),Murkrow,0.96,2.18,5.9
2026-09-23T18:05:27-03:00,30C,094,Scraggy (#094/128),Scraggy,0.96,2.31,5.9
2026-09-23T18:05:27-03:00,30C,095,Zorua (#095/128),Zorua,1.4,3.22,5.9
2026-09-23T18:05:27-03:00,30C,096,Zoroark (#096/128),Zoroark,1.0,3.07,9.9
2026-09-23T18:05:27-03:00,30C,097,Deino (#097/128),Deino,0.96,2.2,5.9
2026-09-23T18:05:27-03:00,30C,098,Zweilous (#098/128),Zweilous,1.0,2.32,5.9
2026-09-23T18:05:27-03:00,30C,099,Hydreigon (#099/128),Hydreigon,1.0,2.83,9.9
2026-09-23T18:05:27-03:00,30C,100,Yveltal (#100/128),Yveltal,1.0,4.07,6.9
2026-09-23T18:05:27-03:00,30C,101,Galarian Meowth (#101/128),Meowth de Galar,1.5,2.18,9.9
2026-09-23T18:05:27-03:00,30C,102,Jirachi ex (#102/128),Jirachi ex,5.99,13.46,22.0
2026-09-23T18:05:27-03:00,30C,103,Dialga (#103/128),Dialga,1.5,3.27,9.89
2026-09-23T18:05:27-03:00,30C,104,Ferrothorn (#104/128),Ferrothorn,0.97,2.76,5.9
2026-09-23T18:05:27-03:00,30C,105,Solgaleo (#105/128),Solgaleo,0.97,2.55,6.9
2026-09-23T18:05:27-03:00,30C,106,Zacian (#106/128),Zacian,0.97,3.89,11.9
2026-09-23T18:05:27-03:00,30C,107,Zamazenta (#107/128),Zamazenta,0.97,2.7,9.9
2026-09-23T18:05:27-03:00,30C,108,Gholdengo (#108/128),Gholdengo,1.0,2.51,9.9
2026-09-23T18:05:27-03:00,30C,109,Salamence ex (#109/128),Salamence ex,8.0,11.75,19.9
2026-09-23T18:05:27-03:00,30C,110,Jangmo-o (#110/128),Jangmo-o,1.0,1.96,5.9
2026-09-23T18:05:27-03:00,30C,111,Hakamo-o (#111/128),Hakamo-o,0.97,2.13,5.9
2026-09-23T18:05:27-03:00,30C,112,Kommo-o (#112/128),Kommo-o,0.96,2.33,5.9
2026-09-23T18:05:27-03:00,30C,113,Meowth (#113/128),Meowth,1.2,2.57,10.9
2026-09-23T18:05:27-03:00,30C,114,Kangaskhan (#114/128),Kangaskhan,0.97,2.43,10.9
2026-09-23T18:05:27-03:00,30C,115,Ditto (#115/128),Ditto,1.5,10.56,19.9
2026-09-23T18:05:27-03:00,30C,116,Eevee (#116/128),Eevee,2.0,7.73,19.9
2026-09-23T18:05:27-03:00,30C,117,Eevee (#117/128),Eevee,2.99,9.53,19.9
2026-09-23T18:05:27-03:00,30C,118,Eevee (#118/128),Eevee,2.0,9.07,19.9
2026-09-23T18:05:27-03:00,30C,119,Snorlax (#119/128),Snorlax,1.5,6.63,35.0
2026-09-23T18:05:27-03:00,30C,120,Igglybuff (#120/128),Igglybuff,1.9,8.98,19.9
2026-09-23T18:05:27-03:00,30C,121,Lugia (#121/128),Lugia,2.5,8.63,16.9
2026-09-23T18:05:27-03:00,30C,122,Hisuian Zorua (#122/128),Zorua de Hisui,0.97,2.2,10.9
2026-09-23T18:05:27-03:00,30C,123,Hisuian Zoroark (#123/128),Zoroark de Hisui,0.97,3.19,10.9
2026-09-23T18:05:27-03:00,30C,124,Minior (#124/128),Minior,0.97,2.15,7.0
2026-09-23T18:05:27-03:00,30C,125,Maushold (#125/128),Maushold,1.95,4.62,11.9
2026-09-23T18:05:27-03:00,30C,126,Poké Pad (#126/128),Poké Tablet,9.0,17.91,29.9
2026-09-23T18:05:27-03:00,30C,127,Switch (#127/128),Substituição,1.49,5.49,14.9
2026-09-23T18:05:27-03:00,30C,128,Ultra Ball (#128/128),Ultra Bola,5.99,10.37,24.99
2026-09-23T18:05:27-03:00,30C,129,Alolan Exeggutor (#129/128),Exeggutor de Alola,36.87,49.09,99.89
2026-09-23T18:05:27-03:00,30C,130,Moltres (#130/128),Moltres,75.0,96.88,249.99
2026-09-23T18:05:27-03:00,30C,131,Lapras (#131/128),Lapras,90.0,110.76,225.0
2026-09-23T18:05:27-03:00,30C,132,Articuno (#132/128),Articuno,85.0,129.67,499.9
2026-09-23T18:05:27-03:00,30C,133,Zapdos (#133/128),Zapdos,68.0,122.81,149.9
2026-09-23T18:05:27-03:00,30C,134,Toxtricity (#134/128),Toxtricity,33.96,44.77,69.9
2026-09-23T18:05:27-03:00,30C,135,Morpeko (#135/128),Morpeko,59.5,105.05,200.0
2026-09-23T18:05:27-03:00,30C,136,Drifloon (#136/128),Drifloon,29.5,67.79,249.9
2026-09-23T18:05:27-03:00,30C,137,Chandelure (#137/128),Chandelure,29.5,56.22,109.89
2026-09-23T18:05:27-03:00,30C,138,Lycanroc (#138/128),Lycanroc,19.96,33.66,49.9
2026-09-23T18:05:27-03:00,30C,139,Alolan Meowth (#139/128),Meowth de Alola,68.0,106.57,179.9
2026-09-23T18:05:27-03:00,30C,140,Scraggy (#140/128),Scraggy,20.0,32.74,99.9
2026-09-23T18:05:27-03:00,30C,141,Galarian Meowth (#141/128),Meowth de Galar,82.99,118.96,249.9
2026-09-23T18:05:27-03:00,30C,142,Gholdengo (#142/128),Gholdengo,24.83,34.16,89.9
2026-09-23T18:05:27-03:00,30C,143,Kommo-o (#143/128),Kommo-o,24.44,43.01,219.9
2026-09-23T18:05:27-03:00,30C,144,Meowth (#144/128),Meowth,99.5,154.88,330.0
2026-09-23T18:05:27-03:00,30C,145,Hisuian Zorua (#145/128),Zorua de Hisui,65.0,94.96,150.0
2026-09-23T18:05:27-03:00,30C,146,Maushold (#146/128),Maushold,148.0,266.96,400.0
2026-09-23T18:05:27-03:00,30C,147,Fuecoco ex (#147/128),Fuecoco ex,129.98,204.83,450.0
2026-09-23T18:05:27-03:00,30C,148,Greninja ex (#148/128),Greninja ex,249.0,339.66,999.99
2026-09-23T18:05:27-03:00,30C,149,Pikachu ex (#149/128),Pikachu ex,690.0,841.58,1290.9
2026-09-23T18:05:27-03:00,30C,150,Pikachu ex (#150/128),Pikachu ex,760.0,857.98,1199.9
2026-09-23T18:05:27-03:00,30C,151,Mewtwo ex (#151/128),Mewtwo ex,699.0,1075.46,2999.99
2026-09-23T18:05:27-03:00,30C,152,Mew ex (#152/128),Mew ex,990.0,1507.28,5000.0
2026-09-23T18:05:27-03:00,30C,153,Sylveon ex (#153/128),Sylveon ex,480.0,729.14,3500.0
2026-09-23T18:05:27-03:00,30C,154,Gengar ex (#154/128),Gengar ex,798.98,1348.63,2200.0
2026-09-23T18:05:27-03:00,30C,155,Jirachi ex (#155/128),Jirachi ex,349.99,501.2,1199.0
2026-09-23T18:05:27-03:00,30C,156,Salamence ex (#156/128),Salamence ex,169.98,266.68,299.99
2026-09-23T18:05:27-03:00,30C,157,Mewtwo ex (#157/128),Mewtwo ex,590.0,748.33,1695.0
2026-09-23T18:05:27-03:00,30C,158,Mew ex (#158/128),Mew ex,750.0,1088.19,5000.0
2026-09-23T18:05:27-03:00,30C-C,004,Charizard (#004/30),Charizard,1449.9,2333.04,5000.0
2026-09-23T18:05:27-03:00,30C-C,005,Delcatty (#005/30),Delcatty,69.9,111.93,220.0
2026-09-23T18:05:27-03:00,30C-C,011,Metagross (#011/30),Metagross,99.97,156.46,300.0
2026-09-23T18:05:27-03:00,30C-C,011b,Genesect-EX (#011b/30),Genesect-EX,69.9,133.89,199.0
2026-09-23T18:05:27-03:00,30C-C,018,Misty (#018/30),Misty,119.0,157.53,229.0
2026-09-23T18:05:27-03:00,30C-C,019,Dark Tyranitar (#019/30),Tyranitar Sombrio,149.5,214.29,500.0
2026-09-23T18:05:27-03:00,30C-C,025,Sneasel (#025/30),Sneasel,55.99,110.45,500.0
2026-09-23T18:05:27-03:00,30C-C,033,Pikachu & Zekrom-GX (#033/30),Pikachu e Zekrom-GX,199.9,358.74,400.0
2026-09-23T18:05:27-03:00,30C-C,041,Greninja BREAK (#041/30),Greninja TURBO,83.99,104.87,149.89
2026-09-23T18:05:27-03:00,30C-C,043,Uxie (#043/30),Uxie,59.9,102.08,169.9
2026-09-23T18:05:27-03:00,30C-C,047,Crobat G (#047/30),Crobat G,51.29,245.33,360.0
2026-09-23T18:05:27-03:00,30C-C,050,Raikou (#050/30),Raikou,54.99,143.55,500.0
2026-09-23T18:05:27-03:00,30C-C,057,Buzzwole-GX (#057/30),Buzzwole-GX,60.0,88.55,149.5
2026-09-23T18:05:27-03:00,30C-C,058,Pikachu (#058/30),Pikachu,242.0,308.06,399.0
2026-09-23T18:05:27-03:00,30C-C,069,Erika's Jigglypuff (#069/30),Jigglypuff da Érica,132.0,164.84,199.9
2026-09-23T18:05:27-03:00,30C-C,085,Rayquaza-EX (#085/30),Rayquaza-EX,149.9,254.47,500.0
2026-09-23T18:05:27-03:00,30C-C,089,Solgaleo-GX (#089/30),Solgaleo-GX,65.0,124.43,199.0
2026-09-23T18:05:27-03:00,30C-C,094,Gengar (#094/30),Gengar,449.99,725.51,1299.9
2026-09-23T18:05:27-03:00,30C-C,099,Darkrai & Cresselia LEGEND (#099/30),Darkrai & Cresselia LENDA,199.5,282.62,310.8
2026-09-23T18:05:27-03:00,30C-C,100,Darkrai & Cresselia LEGEND (#100/30),Darkrai & Cresselia LENDA,189.9,248.76,354.3
2026-09-23T18:05:27-03:00,30C-C,101,N (#101/30),N,149.5,218.13,700.0
2026-09-23T18:05:27-03:00,30C-C,106,Palkia LV.X (#106/30),Palkia LV.X,149.9,393.43,550.0
2026-09-23T18:05:27-03:00,30C-C,106b,M Gardevoir-EX (#106b/30),M Gardevoir-EX,120.0,214.96,250.0
2026-09-23T18:05:27-03:00,30C-C,106c,Shining Celebi (#106c/30),Celebi Luminescente,379.0,616.27,1200.0
2026-09-23T18:05:27-03:00,30C-C,108,Scizor ex (#108/30),Scizor ex,94.99,135.56,150.0
2026-09-23T18:05:27-03:00,30C-C,114,Mew-VMAX (#114/30),Mew-VMAX,135.0,196.81,229.9
2026-09-23T18:05:27-03:00,30C-C,123,Arceus-VSTAR (#123/30),Arceus-V-ASTRO,699.0,840.27,900.0
2026-09-23T18:05:27-03:00,30C-C,138,Zacian-V (#138/30),Zacian-V,200.0,289.92,450.0
2026-09-23T18:05:27-03:00,30C-C,149,Lugia (#149/30),Lugia,1499.0,1923.67,2449.9
2026-09-23T18:05:27-03:00,30C-C,203,Magikarp (#203/30),Magikarp,685.0,823.82,999.99
2026-09-23T18:08:37-03:00,30C,001,Exeggcute (#001/128),Exeggcute,1.0,2.3,5.9
2026-09-23T18:08:37-03:00,30C,002,Alolan Exeggutor (#002/128),Exeggutor de Alola,1.72,2.81,5.9
2026-09-23T18:08:37-03:00,30C,003,Volbeat (#003/128),Volbeat,0.96,2.29,5.9
2026-09-23T18:08:37-03:00,30C,004,Illumise (#004/128),Illumise,0.96,2.1,5.9
2026-09-23T18:08:37-03:00,30C,005,Tropius (#005/128),Tropius,0.96,2.0,7.0
2026-09-23T18:08:37-03:00,30C,006,Cherubi (#006/128),Cherubi,0.96,2.02,5.9
2026-09-23T18:08:37-03:00,30C,007,Cherrim (#007/128),Cherrim,0.97,2.24,5.9
2026-09-23T18:08:37-03:00,30C,008,Vivillon (#008/128),Vivillon,1.29,2.36,5.9
2026-09-23T18:08:37-03:00,30C,009,Vulpix (#009/128),Vulpix,0.97,2.67,9.9
2026-09-23T18:08:37-03:00,30C,010,Ninetales (#010/128),Ninetales,1.5,2.81,5.9
2026-09-23T18:08:37-03:00,30C,011,Moltres (#011/128),Moltres,2.0,5.1,14.9
2026-09-23T18:08:37-03:00,30C,012,Ho-Oh (#012/128),Ho-Oh,1.88,4.72,9.9
2026-09-23T18:08:37-03:00,30C,013,Victini (#013/128),Victini,1.5,2.72,9.9
2026-09-23T18:08:37-03:00,30C,014,Reshiram (#014/128),Reshiram,0.96,2.73,8.9
2026-09-23T18:08:37-03:00,30C,015,Fuecoco ex (#015/128),Fuecoco ex,4.99,9.78,39.9
2026-09-23T18:08:37-03:00,30C,016,Slowpoke (#016/128),Slowpoke,0.97,3.09,11.9
2026-09-23T18:08:37-03:00,30C,017,Lapras (#017/128),Lapras,0.96,4.0,19.9
2026-09-23T18:08:37-03:00,30C,018,Articuno (#018/128),Articuno,2.5,11.16,34.9
2026-09-23T18:08:37-03:00,30C,019,Kyogre (#019/128),Kyogre,0.96,5.67,9.9
2026-09-23T18:08:37-03:00,30C,020,Palkia (#020/128),Palkia,1.5,3.37,9.9
2026-09-23T18:08:37-03:00,30C,021,Greninja ex (#021/128),Greninja ex,11.25,18.06,39.9
2026-09-23T18:08:37-03:00,30C,022,Wishiwashi (#022/128),Wishiwashi,0.96,2.05,5.9
2026-09-23T18:08:37-03:00,30C,023,Pikachu (#023/128),Pikachu,9.96,20.67,39.9
2026-09-23T18:08:37-03:00,30C,024,Pikachu (#024/128),Pikachu,9.5,19.92,39.9
2026-09-23T18:08:37-03:00,30C,025,Pikachu (#025/128),Pikachu,7.9,19.02,39.9
2026-09-23T18:08:37-03:00,30C,026,Pikachu (#026/128),Pikachu,12.98,23.42,59.9
2026-09-23T18:08:37-03:00,30C,027,Pikachu (#027/128),Pikachu,17.95,35.02,69.89
2026-09-23T18:08:37-03:00,30C,028,Pikachu (#028/128),Pikachu,19.99,27.62,99.9
2026-09-23T18:08:37-03:00,30C,029,Pikachu (#029/128),Pikachu,9.5,28.96,65.0
2026-09-23T18:08:37-03:00,30C,030,Pikachu (#030/128),Pikachu,9.5,18.24,39.9
2026-09-23T18:08:37-03:00,30C,031,Pikachu (#031/128),Pikachu,10.95,20.67,39.9
2026-09-23T18:08:37-03:00,30C,032,Pikachu (#032/128),Pikachu,19.0,52.34,89.9
2026-09-23T18:08:37-03:00,30C,033,Pikachu (#033/128),Pikachu,9.5,20.25,39.9
2026-09-23T18:08:37-03:00,30C,034,Pikachu (#034/128),Pikachu,14.88,66.63,99.9
2026-09-23T18:08:37-03:00,30C,035,Pikachu (#035/128),Pikachu,12.0,24.89,39.9
2026-09-23T18:08:37-03:00,30C,036,Pikachu (#036/128),Pikachu,14.0,30.22,89.9
2026-09-23T18:08:37-03:00,30C,037,Pikachu (#037/128),Pikachu,9.5,30.91,79.9
2026-09-23T18:08:37-03:00,30C,038,Pikachu (#038/128),Pikachu,9.5,26.49,99.9
2026-09-23T18:08:37-03:00,30C,039,Pikachu (#039/128),Pikachu,13.98,27.39,39.9
2026-09-23T18:08:37-03:00,30C,040,Pikachu (#040/128),Pikachu,19.98,55.9,120.0
2026-09-23T18:08:37-03:00,30C,041,Pikachu (#041/128),Pikachu,10.46,19.95,39.9
2026-09-23T18:08:37-03:00,30C,042,Pikachu (#042/128),Pikachu,9.5,20.65,39.9
2026-09-23T18:08:37-03:00,30C,043,Pikachu (#043/128),Pikachu,14.98,25.61,39.9
2026-09-23T18:08:37-03:00,30C,044,Pikachu (#044/128),Pikachu,9.5,25.57,39.9
2026-09-23T18:08:37-03:00,30C,045,Pikachu (#045/128),Pikachu,9.9,22.0,89.9
2026-09-23T18:08:37-03:00,30C,046,Pikachu (#046/128),Pikachu,13.89,22.23,39.9
2026-09-23T18:08:37-03:00,30C,047,Pikachu (#047/128),Pikachu,9.5,19.94,39.9
2026-09-23T18:08:37-03:00,30C,048,Pikachu (#048/128),Pikachu,9.9,25.29,99.9
2026-09-23T18:08:37-03:00,30C,049,Pikachu (#049/128),Pikachu,9.5,19.58,39.9
2026-09-23T18:08:37-03:00,30C,050,Pikachu (#050/128),Pikachu,9.9,30.21,99.9
2026-09-23T18:08:37-03:00,30C,051,Pikachu (#051/128),Pikachu,10.9,19.65,39.9
2026-09-23T18:08:37-03:00,30C,052,Pikachu (#052/128),Pikachu,13.87,23.15,99.9
2026-09-23T18:08:37-03:00,30C,053,Pikachu ex (#053/128),Pikachu ex,17.99,29.75,51.9
2026-09-23T18:08:37-03:00,30C,054,Pikachu ex (#054/128),Pikachu ex,19.5,31.95,51.9
2026-09-23T18:08:37-03:00,30C,055,Zapdos (#055/128),Zapdos,1.72,8.97,14.9
2026-09-23T18:08:37-03:00,30C,056,Zekrom (#056/128),Zekrom,0.96,2.86,14.9
2026-09-23T18:08:37-03:00,30C,057,Zeraora (#057/128),Zeraora,1.3,2.81,7.0
2026-09-23T18:08:37-03:00,30C,058,Toxel (#058/128),Toxel,0.96,1.92,5.9
2026-09-23T18:08:37-03:00,30C,059,Toxtricity (#059/128),Toxtricity,1.0,2.43,5.9
2026-09-23T18:08:37-03:00,30C,060,Toxtricity (#060/128),Toxtricity,1.0,2.57,5.9
2026-09-23T18:08:37-03:00,30C,061,Morpeko (#061/128),Morpeko,0.96,2.49,5.9
2026-09-23T18:08:37-03:00,30C,062,Miraidon (#062/128),Miraidon,0.98,2.53,5.9
2026-09-23T18:08:37-03:00,30C,063,Mewtwo (#063/128),Mewtwo,1.9,8.89,29.9
2026-09-23T18:08:37-03:00,30C,064,Mewtwo ex (#064/128),Mewtwo ex,11.72,18.91,39.89
2026-09-23T18:08:37-03:00,30C,065,Mew (#065/128),Mew,4.9,12.18,50.0
2026-09-23T18:08:37-03:00,30C,066,Mew ex (#066/128),Mew ex,75.0,99.72,119.9
2026-09-23T18:08:37-03:00,30C,067,Marill (#067/128),Marill,1.0,2.01,5.9
2026-09-23T18:08:37-03:00,30C,068,Azumarill (#068/128),Azumarill,1.49,2.18,5.9
2026-09-23T18:08:37-03:00,30C,069,Espeon (#069/128),Espeon,3.0,13.5,39.9
2026-09-23T18:08:37-03:00,30C,070,Espeon ex (#070/128),Espeon ex,15.0,25.22,30.0
2026-09-23T18:08:37-03:00,30C,071,Sylveon ex (#071/128),Sylveon ex,9.9,21.27,49.5
2026-09-23T18:08:37-03:00,30C,072,Unown (#072/128),Unown,1.5,4.28,16.9
2026-09-23T18:08:37-03:00,30C,073,Drifloon (#073/128),Drifloon,0.96,1.95,5.9
2026-09-23T18:08:37-03:00,30C,074,Cresselia (#074/128),Cresselia,0.96,2.42,5.9
2026-09-23T18:08:37-03:00,30C,075,Chandelure (#075/128),Chandelure,0.99,2.63,39.99
2026-09-23T18:08:37-03:00,30C,076,Xerneas (#076/128),Xerneas,0.97,2.52,6.9
2026-09-23T18:08:37-03:00,30C,077,Comfey (#077/128),Comfey,0.96,1.8,5.9
2026-09-23T18:08:37-03:00,30C,078,Cosmog (#078/128),Cosmog,0.96,1.94,5.9
2026-09-23T18:08:37-03:00,30C,079,Cosmoem (#079/128),Cosmoem,0.96,2.29,5.9
2026-09-23T18:08:37-03:00,30C,080,Lunala (#080/128),Lunala,1.5,3.7,6.9
2026-09-23T18:08:37-03:00,30C,081,Gimmighoul (#081/128),Gimmighoul,0.96,1.99,5.9
2026-09-23T18:08:37-03:00,30C,082,Groudon (#082/128),Groudon,0.97,3.0,11.38
2026-09-23T18:08:37-03:00,30C,083,Lucario (#083/128),Lucario,1.48,3.24,9.99
2026-09-23T18:08:37-03:00,30C,084,Seismitoad (#084/128),Seismitoad,0.99,2.39,5.9
2026-09-23T18:08:37-03:00,30C,085,Lycanroc (#085/128),Lycanroc,1.2,3.12,23.99
2026-09-23T18:08:37-03:00,30C,086,Koraidon (#086/128),Koraidon,1.0,3.08,6.9
2026-09-23T18:08:37-03:00,30C,087,Nidoran Female (#087/128),Nidoran Fêmea,0.9,1.58,5.9
2026-09-23T18:08:37-03:00,30C,088,Nidorina (#088/128),Nidorina,0.96,2.25,9.9
2026-09-23T18:08:37-03:00,30C,089,Alolan Meowth (#089/128),Meowth de Alola,0.97,2.51,5.9
2026-09-23T18:08:37-03:00,30C,090,Gengar ex (#090/128),Gengar ex,27.0,37.5,65.0
2026-09-23T18:08:37-03:00,30C,091,Umbreon (#091/128),Umbreon,5.39,22.06,49.9
2026-09-23T18:08:37-03:00,30C,092,Umbreon ex (#092/128),Umbreon ex,19.88,31.08,50.0
2026-09-23T18:08:37-03:00,30C,093,Murkrow (#093/128),Murkrow,0.96,2.18,5.9
2026-09-23T18:08:37-03:00,30C,094,Scraggy (#094/128),Scraggy,0.96,2.31,5.9
2026-09-23T18:08:37-03:00,30C,095,Zorua (#095/128),Zorua,1.4,3.22,5.9
2026-09-23T18:08:37-03:00,30C,096,Zoroark (#096/128),Zoroark,1.0,3.07,9.9
2026-09-23T18:08:37-03:00,30C,097,Deino (#097/128),Deino,0.96,2.2,5.9
2026-09-23T18:08:37-03:00,30C,098,Zweilous (#098/128),Zweilous,1.0,2.32,5.9
2026-09-23T18:08:37-03:00,30C,099,Hydreigon (#099/128),Hydreigon,1.0,2.83,9.9
2026-09-23T18:08:37-03:00,30C,100,Yveltal (#100/128),Yveltal,1.0,4.07,6.9
2026-09-23T18:08:37-03:00,30C,101,Galarian Meowth (#101/128),Meowth de Galar,1.5,2.18,9.9
2026-09-23T18:08:37-03:00,30C,102,Jirachi ex (#102/128),Jirachi ex,5.99,13.46,22.0
2026-09-23T18:08:37-03:00,30C,103,Dialga (#103/128),Dialga,1.5,3.27,9.89
2026-09-23T18:08:37-03:00,30C,104,Ferrothorn (#104/128),Ferrothorn,0.97,2.76,5.9
2026-09-23T18:08:37-03:00,30C,105,Solgaleo (#105/128),Solgaleo,0.97,2.55,6.9
2026-09-23T18:08:37-03:00,30C,106,Zacian (#106/128),Zacian,0.97,3.89,11.9
2026-09-23T18:08:37-03:00,30C,107,Zamazenta (#107/128),Zamazenta,0.97,2.7,9.9
2026-09-23T18:08:37-03:00,30C,108,Gholdengo (#108/128),Gholdengo,1.0,2.51,9.9
2026-09-23T18:08:37-03:00,30C,109,Salamence ex (#109/128),Salamence ex,8.0,11.75,19.9
2026-09-23T18:08:37-03:00,30C,110,Jangmo-o (#110/128),Jangmo-o,1.0,1.96,5.9
2026-09-23T18:08:37-03:00,30C,111,Hakamo-o (#111/128),Hakamo-o,0.97,2.13,5.9
2026-09-23T18:08:37-03:00,30C,112,Kommo-o (#112/128),Kommo-o,0.96,2.33,5.9
2026-09-23T18:08:37-03:00,30C,113,Meowth (#113/128),Meowth,1.2,2.57,10.9
2026-09-23T18:08:37-03:00,30C,114,Kangaskhan (#114/128),Kangaskhan,0.97,2.43,10.9
2026-09-23T18:08:37-03:00,30C,115,Ditto (#115/128),Ditto,1.5,10.56,19.9
2026-09-23T18:08:37-03:00,30C,116,Eevee (#116/128),Eevee,2.0,7.73,19.9
2026-09-23T18:08:37-03:00,30C,117,Eevee (#117/128),Eevee,2.99,9.53,19.9
2026-09-23T18:08:37-03:00,30C,118,Eevee (#118/128),Eevee,2.0,9.07,19.9
2026-09-23T18:08:37-03:00,30C,119,Snorlax (#119/128),Snorlax,1.5,6.63,35.0
2026-09-23T18:08:37-03:00,30C,120,Igglybuff (#120/128),Igglybuff,1.9,8.98,19.9
2026-09-23T18:08:37-03:00,30C,121,Lugia (#121/128),Lugia,2.5,8.63,16.9
2026-09-23T18:08:37-03:00,30C,122,Hisuian Zorua (#122/128),Zorua de Hisui,0.97,2.2,10.9
2026-09-23T18:08:37-03:00,30C,123,Hisuian Zoroark (#123/128),Zoroark de Hisui,0.97,3.19,10.9
2026-09-23T18:08:37-03:00,30C,124,Minior (#124/128),Minior,0.97,2.15,7.0
2026-09-23T18:08:37-03:00,30C,125,Maushold (#125/128),Maushold,1.95,4.62,11.9
2026-09-23T18:08:37-03:00,30C,126,Poké Pad (#126/128),Poké Tablet,9.0,17.91,29.9
2026-09-23T18:08:37-03:00,30C,127,Switch (#127/128),Substituição,1.49,5.49,14.9
2026-09-23T18:08:37-03:00,30C,128,Ultra Ball (#128/128),Ultra Bola,5.99,10.37,24.99
2026-09-23T18:08:37-03:00,30C,129,Alolan Exeggutor (#129/128),Exeggutor de Alola,36.87,49.09,99.89
2026-09-23T18:08:37-03:00,30C,130,Moltres (#130/128),Moltres,75.0,96.88,249.99
2026-09-23T18:08:37-03:00,30C,131,Lapras (#131/128),Lapras,90.0,110.76,225.0
2026-09-23T18:08:37-03:00,30C,132,Articuno (#132/128),Articuno,85.0,129.67,499.9
2026-09-23T18:08:37-03:00,30C,133,Zapdos (#133/128),Zapdos,68.0,122.81,149.9
2026-09-23T18:08:37-03:00,30C,134,Toxtricity (#134/128),Toxtricity,33.96,44.77,69.9
2026-09-23T18:08:37-03:00,30C,135,Morpeko (#135/128),Morpeko,59.5,105.05,200.0
2026-09-23T18:08:37-03:00,30C,136,Drifloon (#136/128),Drifloon,29.5,67.79,249.9
2026-09-23T18:08:37-03:00,30C,137,Chandelure (#137/128),Chandelure,29.5,56.22,109.89
2026-09-23T18:08:37-03:00,30C,138,Lycanroc (#138/128),Lycanroc,19.96,33.66,49.9
2026-09-23T18:08:37-03:00,30C,139,Alolan Meowth (#139/128),Meowth de Alola,68.0,106.57,179.9
2026-09-23T18:08:37-03:00,30C,140,Scraggy (#140/128),Scraggy,20.0,32.74,99.9
2026-09-23T18:08:37-03:00,30C,141,Galarian Meowth (#141/128),Meowth de Galar,82.99,118.96,249.9
2026-09-23T18:08:37-03:00,30C,142,Gholdengo (#142/128),Gholdengo,24.83,34.16,89.9
2026-09-23T18:08:37-03:00,30C,143,Kommo-o (#143/128),Kommo-o,24.44,43.01,219.9
2026-09-23T18:08:37-03:00,30C,144,Meowth (#144/128),Meowth,99.5,154.88,330.0
2026-09-23T18:08:37-03:00,30C,145,Hisuian Zorua (#145/128),Zorua de Hisui,65.0,94.96,150.0
2026-09-23T18:08:37-03:00,30C,146,Maushold (#146/128),Maushold,148.0,266.96,400.0
2026-09-23T18:08:37-03:00,30C,147,Fuecoco ex (#147/128),Fuecoco ex,129.98,204.83,450.0
2026-09-23T18:08:37-03:00,30C,148,Greninja ex (#148/128),Greninja ex,249.0,339.66,999.99
2026-09-23T18:08:37-03:00,30C,149,Pikachu ex (#149/128),Pikachu ex,690.0,841.58,1290.9
2026-09-23T18:08:37-03:00,30C,150,Pikachu ex (#150/128),Pikachu ex,760.0,857.98,1199.9
2026-09-23T18:08:37-03:00,30C,151,Mewtwo ex (#151/128),Mewtwo ex,699.0,1075.46,2999.99
2026-09-23T18:08:37-03:00,30C,152,Mew ex (#152/128),Mew ex,990.0,1507.28,5000.0
2026-09-23T18:08:37-03:00,30C,153,Sylveon ex (#153/128),Sylveon ex,480.0,729.14,3500.0
2026-09-23T18:08:37-03:00,30C,154,Gengar ex (#154/128),Gengar ex,798.98,1348.63,2200.0
2026-09-23T18:08:37-03:00,30C,155,Jirachi ex (#155/128),Jirachi ex,349.99,501.2,1199.0
2026-09-23T18:08:37-03:00,30C,156,Salamence ex (#156/128),Salamence ex,169.98,266.68,299.99
2026-09-23T18:08:37-03:00,30C,157,Mewtwo ex (#157/128),Mewtwo ex,590.0,748.33,1695.0
2026-09-23T18:08:37-03:00,30C,158,Mew ex (#158/128),Mew ex,750.0,1088.19,5000.0
2026-09-23T18:08:37-03:00,30C-C,004,Charizard (#004/30),Charizard,1449.9,2333.04,5000.0
2026-09-23T18:08:37-03:00,30C-C,005,Delcatty (#005/30),Delcatty,69.9,111.93,220.0
2026-09-23T18:08:37-03:00,30C-C,011,Metagross (#011/30),Metagross,99.97,156.46,300.0
2026-09-23T18:08:37-03:00,30C-C,011b,Genesect-EX (#011b/30),Genesect-EX,69.9,133.89,199.0
2026-09-23T18:08:37-03:00,30C-C,018,Misty (#018/30),Misty,119.0,157.53,229.0
2026-09-23T18:08:37-03:00,30C-C,019,Dark Tyranitar (#019/30),Tyranitar Sombrio,149.5,214.29,500.0
2026-09-23T18:08:37-03:00,30C-C,025,Sneasel (#025/30),Sneasel,55.99,110.45,500.0
2026-09-23T18:08:37-03:00,30C-C,033,Pikachu & Zekrom-GX (#033/30),Pikachu e Zekrom-GX,199.9,358.74,400.0
2026-09-23T18:08:37-03:00,30C-C,041,Greninja BREAK (#041/30),Greninja TURBO,83.99,104.87,149.89
2026-09-23T18:08:37-03:00,30C-C,043,Uxie (#043/30),Uxie,59.9,102.08,169.9
2026-09-23T18:08:37-03:00,30C-C,047,Crobat G (#047/30),Crobat G,51.29,245.33,360.0
2026-09-23T18:08:37-03:00,30C-C,050,Raikou (#050/30),Raikou,54.99,143.55,500.0
2026-09-23T18:08:37-03:00,30C-C,057,Buzzwole-GX (#057/30),Buzzwole-GX,60.0,88.55,149.5
2026-09-23T18:08:37-03:00,30C-C,058,Pikachu (#058/30),Pikachu,242.0,308.06,399.0
2026-09-23T18:08:37-03:00,30C-C,069,Erika's Jigglypuff (#069/30),Jigglypuff da Érica,132.0,164.84,199.9
2026-09-23T18:08:37-03:00,30C-C,085,Rayquaza-EX (#085/30),Rayquaza-EX,149.9,254.47,500.0
2026-09-23T18:08:37-03:00,30C-C,089,Solgaleo-GX (#089/30),Solgaleo-GX,65.0,124.43,199.0
2026-09-23T18:08:37-03:00,30C-C,094,Gengar (#094/30),Gengar,449.99,725.51,1299.9
2026-09-23T18:08:37-03:00,30C-C,099,Darkrai & Cresselia LEGEND (#099/30),Darkrai & Cresselia LENDA,199.5,282.62,310.8
2026-09-23T18:08:37-03:00,30C-C,100,Darkrai & Cresselia LEGEND (#100/30),Darkrai & Cresselia LENDA,189.9,248.76,354.3
2026-09-23T18:08:37-03:00,30C-C,101,N (#101/30),N,149.5,218.13,700.0
2026-09-23T18:08:37-03:00,30C-C,106,Palkia LV.X (#106/30),Palkia LV.X,149.9,393.43,550.0
2026-09-23T18:08:37-03:00,30C-C,106b,M Gardevoir-EX (#106b/30),M Gardevoir-EX,120.0,214.96,250.0
2026-09-23T18:08:37-03:00,30C-C,106c,Shining Celebi (#106c/30),Celebi Luminescente,379.0,616.27,1200.0
2026-09-23T18:08:37-03:00,30C-C,108,Scizor ex (#108/30),Scizor ex,94.99,135.56,150.0
2026-09-23T18:08:37-03:00,30C-C,114,Mew-VMAX (#114/30),Mew-VMAX,135.0,196.81,229.9
2026-09-23T18:08:37-03:00,30C-C,123,Arceus-VSTAR (#123/30),Arceus-V-ASTRO,699.0,840.27,900.0
2026-09-23T18:08:37-03:00,30C-C,138,Zacian-V (#138/30),Zacian-V,200.0,289.92,450.0
2026-09-23T18:08:37-03:00,30C-C,149,Lugia (#149/30),Lugia,1499.0,1923.67,2449.9
2026-09-23T18:08:37-03:00,30C-C,203,Magikarp (#203/30),Magikarp,685.0,823.82,999.99
2026-09-23T19:00:01-03:00,30C,001,Exeggcute (#001/128),Exeggcute,1.0,2.3,5.9
2026-09-23T19:00:01-03:00,30C,002,Alolan Exeggutor (#002/128),Exeggutor de Alola,1.72,2.81,5.9
2026-09-23T19:00:01-03:00,30C,003,Volbeat (#003/128),Volbeat,0.96,2.29,5.9
2026-09-23T19:00:01-03:00,30C,004,Illumise (#004/128),Illumise,0.96,2.1,5.9
2026-09-23T19:00:01-03:00,30C,005,Tropius (#005/128),Tropius,0.96,2.0,7.0
2026-09-23T19:00:01-03:00,30C,006,Cherubi (#006/128),Cherubi,0.96,2.02,5.9
2026-09-23T19:00:01-03:00,30C,007,Cherrim (#007/128),Cherrim,0.97,2.24,5.9
2026-09-23T19:00:01-03:00,30C,008,Vivillon (#008/128),Vivillon,1.29,2.36,5.9
2026-09-23T19:00:01-03:00,30C,009,Vulpix (#009/128),Vulpix,0.97,2.67,9.9
2026-09-23T19:00:01-03:00,30C,010,Ninetales (#010/128),Ninetales,1.5,2.81,5.9
2026-09-23T19:00:01-03:00,30C,011,Moltres (#011/128),Moltres,2.0,5.1,14.9
2026-09-23T19:00:01-03:00,30C,012,Ho-Oh (#012/128),Ho-Oh,1.88,4.72,9.9
2026-09-23T19:00:01-03:00,30C,013,Victini (#013/128),Victini,1.5,2.72,9.9
2026-09-23T19:00:01-03:00,30C,014,Reshiram (#014/128),Reshiram,0.96,2.73,8.9
2026-09-23T19:00:01-03:00,30C,015,Fuecoco ex (#015/128),Fuecoco ex,4.99,9.78,39.9
2026-09-23T19:00:01-03:00,30C,016,Slowpoke (#016/128),Slowpoke,0.97,3.09,11.9
2026-09-23T19:00:01-03:00,30C,017,Lapras (#017/128),Lapras,0.96,4.0,19.9
2026-09-23T19:00:01-03:00,30C,018,Articuno (#018/128),Articuno,2.5,11.16,34.9
2026-09-23T19:00:01-03:00,30C,019,Kyogre (#019/128),Kyogre,0.96,5.67,9.9
2026-09-23T19:00:01-03:00,30C,020,Palkia (#020/128),Palkia,1.5,3.37,9.9
2026-09-23T19:00:01-03:00,30C,021,Greninja ex (#021/128),Greninja ex,11.25,18.06,39.9
2026-09-23T19:00:01-03:00,30C,022,Wishiwashi (#022/128),Wishiwashi,0.96,2.05,5.9
2026-09-23T19:00:01-03:00,30C,023,Pikachu (#023/128),Pikachu,9.96,20.67,39.9
2026-09-23T19:00:01-03:00,30C,024,Pikachu (#024/128),Pikachu,9.5,19.92,39.9
2026-09-23T19:00:01-03:00,30C,025,Pikachu (#025/128),Pikachu,7.9,19.02,39.9
2026-09-23T19:00:01-03:00,30C,026,Pikachu (#026/128),Pikachu,12.98,23.42,59.9
2026-09-23T19:00:01-03:00,30C,027,Pikachu (#027/128),Pikachu,17.95,35.02,69.89
2026-09-23T19:00:01-03:00,30C,028,Pikachu (#028/128),Pikachu,19.99,27.62,99.9
2026-09-23T19:00:01-03:00,30C,029,Pikachu (#029/128),Pikachu,9.5,28.96,65.0
2026-09-23T19:00:01-03:00,30C,030,Pikachu (#030/128),Pikachu,9.5,18.24,39.9
2026-09-23T19:00:01-03:00,30C,031,Pikachu (#031/128),Pikachu,10.95,20.67,39.9
2026-09-23T19:00:01-03:00,30C,032,Pikachu (#032/128),Pikachu,19.0,52.34,89.9
2026-09-23T19:00:01-03:00,30C,033,Pikachu (#033/128),Pikachu,9.5,20.25,39.9
2026-09-23T19:00:01-03:00,30C,034,Pikachu (#034/128),Pikachu,14.88,66.63,99.9
2026-09-23T19:00:01-03:00,30C,035,Pikachu (#035/128),Pikachu,12.0,24.89,39.9
2026-09-23T19:00:01-03:00,30C,036,Pikachu (#036/128),Pikachu,14.0,30.22,89.9
2026-09-23T19:00:01-03:00,30C,037,Pikachu (#037/128),Pikachu,9.5,30.91,79.9
2026-09-23T19:00:01-03:00,30C,038,Pikachu (#038/128),Pikachu,9.5,26.49,99.9
2026-09-23T19:00:01-03:00,30C,039,Pikachu (#039/128),Pikachu,13.98,27.39,39.9
2026-09-23T19:00:01-03:00,30C,040,Pikachu (#040/128),Pikachu,19.98,55.9,120.0
2026-09-23T19:00:01-03:00,30C,041,Pikachu (#041/128),Pikachu,10.46,19.95,39.9
2026-09-23T19:00:01-03:00,30C,042,Pikachu (#042/128),Pikachu,9.5,20.65,39.9
2026-09-23T19:00:01-03:00,30C,043,Pikachu (#043/128),Pikachu,14.98,25.61,39.9
2026-09-23T19:00:01-03:00,30C,044,Pikachu (#044/128),Pikachu,9.5,25.57,39.9
2026-09-23T19:00:01-03:00,30C,045,Pikachu (#045/128),Pikachu,9.9,22.0,89.9
2026-09-23T19:00:01-03:00,30C,046,Pikachu (#046/128),Pikachu,13.89,22.23,39.9
2026-09-23T19:00:01-03:00,30C,047,Pikachu (#047/128),Pikachu,9.5,19.94,39.9
2026-09-23T19:00:01-03:00,30C,048,Pikachu (#048/128),Pikachu,9.9,25.29,99.9
2026-09-23T19:00:01-03:00,30C,049,Pikachu (#049/128),Pikachu,9.5,19.58,39.9
2026-09-23T19:00:01-03:00,30C,050,Pikachu (#050/128),Pikachu,9.9,30.21,99.9
2026-09-23T19:00:01-03:00,30C,051,Pikachu (#051/128),Pikachu,10.9,19.65,39.9
2026-09-23T19:00:01-03:00,30C,052,Pikachu (#052/128),Pikachu,13.87,23.15,99.9
2026-09-23T19:00:01-03:00,30C,053,Pikachu ex (#053/128),Pikachu ex,17.99,29.75,51.9
2026-09-23T19:00:01-03:00,30C,054,Pikachu ex (#054/128),Pikachu ex,19.5,31.95,51.9
2026-09-23T19:00:01-03:00,30C,055,Zapdos (#055/128),Zapdos,1.72,8.97,14.9
2026-09-23T19:00:01-03:00,30C,056,Zekrom (#056/128),Zekrom,0.96,2.86,14.9
2026-09-23T19:00:01-03:00,30C,057,Zeraora (#057/128),Zeraora,1.3,2.81,7.0
2026-09-23T19:00:01-03:00,30C,058,Toxel (#058/128),Toxel,0.96,1.92,5.9
2026-09-23T19:00:01-03:00,30C,059,Toxtricity (#059/128),Toxtricity,1.0,2.43,5.9
2026-09-23T19:00:01-03:00,30C,060,Toxtricity (#060/128),Toxtricity,1.0,2.57,5.9
2026-09-23T19:00:01-03:00,30C,061,Morpeko (#061/128),Morpeko,0.96,2.49,5.9
2026-09-23T19:00:01-03:00,30C,062,Miraidon (#062/128),Miraidon,0.98,2.53,5.9
2026-09-23T19:00:01-03:00,30C,063,Mewtwo (#063/128),Mewtwo,1.9,8.89,29.9
2026-09-23T19:00:01-03:00,30C,064,Mewtwo ex (#064/128),Mewtwo ex,11.72,18.91,39.89
2026-09-23T19:00:01-03:00,30C,065,Mew (#065/128),Mew,4.9,12.18,50.0
2026-09-23T19:00:01-03:00,30C,066,Mew ex (#066/128),Mew ex,75.0,99.72,119.9
2026-09-23T19:00:01-03:00,30C,067,Marill (#067/128),Marill,1.0,2.01,5.9
2026-09-23T19:00:01-03:00,30C,068,Azumarill (#068/128),Azumarill,1.49,2.18,5.9
2026-09-23T19:00:01-03:00,30C,069,Espeon (#069/128),Espeon,3.0,13.5,39.9
2026-09-23T19:00:01-03:00,30C,070,Espeon ex (#070/128),Espeon ex,15.0,25.22,30.0
2026-09-23T19:00:01-03:00,30C,071,Sylveon ex (#071/128),Sylveon ex,9.9,21.27,49.5
2026-09-23T19:00:01-03:00,30C,072,Unown (#072/128),Unown,1.5,4.28,16.9
2026-09-23T19:00:01-03:00,30C,073,Drifloon (#073/128),Drifloon,0.96,1.95,5.9
2026-09-23T19:00:01-03:00,30C,074,Cresselia (#074/128),Cresselia,0.96,2.42,5.9
2026-09-23T19:00:01-03:00,30C,075,Chandelure (#075/128),Chandelure,0.99,2.63,39.99
2026-09-23T19:00:01-03:00,30C,076,Xerneas (#076/128),Xerneas,0.97,2.52,6.9
2026-09-23T19:00:01-03:00,30C,077,Comfey (#077/128),Comfey,0.96,1.8,5.9
2026-09-23T19:00:01-03:00,30C,078,Cosmog (#078/128),Cosmog,0.96,1.94,5.9
2026-09-23T19:00:01-03:00,30C,079,Cosmoem (#079/128),Cosmoem,0.96,2.29,5.9
2026-09-23T19:00:01-03:00,30C,080,Lunala (#080/128),Lunala,1.5,3.7,6.9
2026-09-23T19:00:01-03:00,30C,081,Gimmighoul (#081/128),Gimmighoul,0.96,1.99,5.9
2026-09-23T19:00:01-03:00,30C,082,Groudon (#082/128),Groudon,0.97,3.0,11.38
2026-09-23T19:00:01-03:00,30C,083,Lucario (#083/128),Lucario,1.48,3.24,9.99
2026-09-23T19:00:01-03:00,30C,084,Seismitoad (#084/128),Seismitoad,0.99,2.39,5.9
2026-09-23T19:00:01-03:00,30C,085,Lycanroc (#085/128),Lycanroc,1.2,3.12,23.99
2026-09-23T19:00:01-03:00,30C,086,Koraidon (#086/128),Koraidon,1.0,3.08,6.9
2026-09-23T19:00:01-03:00,30C,087,Nidoran Female (#087/128),Nidoran Fêmea,0.9,1.58,5.9
2026-09-23T19:00:01-03:00,30C,088,Nidorina (#088/128),Nidorina,0.96,2.25,9.9
2026-09-23T19:00:01-03:00,30C,089,Alolan Meowth (#089/128),Meowth de Alola,0.97,2.51,5.9
2026-09-23T19:00:01-03:00,30C,090,Gengar ex (#090/128),Gengar ex,27.0,37.5,65.0
2026-09-23T19:00:01-03:00,30C,091,Umbreon (#091/128),Umbreon,5.39,22.06,49.9
2026-09-23T19:00:01-03:00,30C,092,Umbreon ex (#092/128),Umbreon ex,19.88,31.08,50.0
2026-09-23T19:00:01-03:00,30C,093,Murkrow (#093/128),Murkrow,0.96,2.18,5.9
2026-09-23T19:00:01-03:00,30C,094,Scraggy (#094/128),Scraggy,0.96,2.31,5.9
2026-09-23T19:00:01-03:00,30C,095,Zorua (#095/128),Zorua,1.4,3.22,5.9
2026-09-23T19:00:01-03:00,30C,096,Zoroark (#096/128),Zoroark,1.0,3.07,9.9
2026-09-23T19:00:01-03:00,30C,097,Deino (#097/128),Deino,0.96,2.2,5.9
2026-09-23T19:00:01-03:00,30C,098,Zweilous (#098/128),Zweilous,1.0,2.32,5.9
2026-09-23T19:00:01-03:00,30C,099,Hydreigon (#099/128),Hydreigon,1.0,2.83,9.9
2026-09-23T19:00:01-03:00,30C,100,Yveltal (#100/128),Yveltal,1.0,4.07,6.9
2026-09-23T19:00:01-03:00,30C,101,Galarian Meowth (#101/128),Meowth de Galar,1.5,2.18,9.9
2026-09-23T19:00:01-03:00,30C,102,Jirachi ex (#102/128),Jirachi ex,5.99,13.46,22.0
2026-09-23T19:00:01-03:00,30C,103,Dialga (#103/128),Dialga,1.5,3.27,9.89
2026-09-23T19:00:01-03:00,30C,104,Ferrothorn (#104/128),Ferrothorn,0.97,2.76,5.9
2026-09-23T19:00:01-03:00,30C,105,Solgaleo (#105/128),Solgaleo,0.97,2.55,6.9
2026-09-23T19:00:01-03:00,30C,106,Zacian (#106/128),Zacian,0.97,3.89,11.9
2026-09-23T19:00:01-03:00,30C,107,Zamazenta (#107/128),Zamazenta,0.97,2.7,9.9
2026-09-23T19:00:01-03:00,30C,108,Gholdengo (#108/128),Gholdengo,1.0,2.51,9.9
2026-09-23T19:00:01-03:00,30C,109,Salamence ex (#109/128),Salamence ex,8.0,11.75,19.9
2026-09-23T19:00:01-03:00,30C,110,Jangmo-o (#110/128),Jangmo-o,1.0,1.96,5.9
2026-09-23T19:00:01-03:00,30C,111,Hakamo-o (#111/128),Hakamo-o,0.97,2.13,5.9
2026-09-23T19:00:01-03:00,30C,112,Kommo-o (#112/128),Kommo-o,0.96,2.33,5.9
2026-09-23T19:00:01-03:00,30C,113,Meowth (#113/128),Meowth,1.2,2.57,10.9
2026-09-23T19:00:01-03:00,30C,114,Kangaskhan (#114/128),Kangaskhan,0.97,2.43,10.9
2026-09-23T19:00:01-03:00,30C,115,Ditto (#115/128),Ditto,1.5,10.56,19.9
2026-09-23T19:00:01-03:00,30C,116,Eevee (#116/128),Eevee,2.0,7.73,19.9
2026-09-23T19:00:01-03:00,30C,117,Eevee (#117/128),Eevee,2.99,9.53,19.9
2026-09-23T19:00:01-03:00,30C,118,Eevee (#118/128),Eevee,2.0,9.07,19.9
2026-09-23T19:00:01-03:00,30C,119,Snorlax (#119/128),Snorlax,1.5,6.63,35.0
2026-09-23T19:00:01-03:00,30C,120,Igglybuff (#120/128),Igglybuff,1.9,8.98,19.9
2026-09-23T19:00:01-03:00,30C,121,Lugia (#121/128),Lugia,2.5,8.63,16.9
2026-09-23T19:00:01-03:00,30C,122,Hisuian Zorua (#122/128),Zorua de Hisui,0.97,2.2,10.9
2026-09-23T19:00:01-03:00,30C,123,Hisuian Zoroark (#123/128),Zoroark de Hisui,0.97,3.19,10.9
2026-09-23T19:00:01-03:00,30C,124,Minior (#124/128),Minior,0.97,2.15,7.0
2026-09-23T19:00:01-03:00,30C,125,Maushold (#125/128),Maushold,1.95,4.62,11.9
2026-09-23T19:00:01-03:00,30C,126,Poké Pad (#126/128),Poké Tablet,9.0,17.91,29.9
2026-09-23T19:00:01-03:00,30C,127,Switch (#127/128),Substituição,1.49,5.49,14.9
2026-09-23T19:00:01-03:00,30C,128,Ultra Ball (#128/128),Ultra Bola,5.99,10.37,24.99
2026-09-23T19:00:01-03:00,30C,129,Alolan Exeggutor (#129/128),Exeggutor de Alola,36.87,49.09,99.89
2026-09-23T19:00:01-03:00,30C,130,Moltres (#130/128),Moltres,75.0,96.88,249.99
2026-09-23T19:00:01-03:00,30C,131,Lapras (#131/128),Lapras,90.0,110.76,225.0
2026-09-23T19:00:01-03:00,30C,132,Articuno (#132/128),Articuno,85.0,129.67,499.9
2026-09-23T19:00:01-03:00,30C,133,Zapdos (#133/128),Zapdos,68.0,122.81,149.9
2026-09-23T19:00:01-03:00,30C,134,Toxtricity (#134/128),Toxtricity,33.96,44.77,69.9
2026-09-23T19:00:01-03:00,30C,135,Morpeko (#135/128),Morpeko,59.5,105.05,200.0
2026-09-23T19:00:01-03:00,30C,136,Drifloon (#136/128),Drifloon,29.5,67.79,249.9
2026-09-23T19:00:01-03:00,30C,137,Chandelure (#137/128),Chandelure,29.5,56.22,109.89
2026-09-23T19:00:01-03:00,30C,138,Lycanroc (#138/128),Lycanroc,19.96,33.66,49.9
2026-09-23T19:00:01-03:00,30C,139,Alolan Meowth (#139/128),Meowth de Alola,68.0,106.57,179.9
2026-09-23T19:00:01-03:00,30C,140,Scraggy (#140/128),Scraggy,20.0,32.74,99.9
2026-09-23T19:00:01-03:00,30C,141,Galarian Meowth (#141/128),Meowth de Galar,82.99,118.96,249.9
2026-09-23T19:00:01-03:00,30C,142,Gholdengo (#142/128),Gholdengo,24.83,34.16,89.9
2026-09-23T19:00:01-03:00,30C,143,Kommo-o (#143/128),Kommo-o,24.44,43.01,219.9
2026-09-23T19:00:01-03:00,30C,144,Meowth (#144/128),Meowth,99.5,154.88,330.0
2026-09-23T19:00:01-03:00,30C,145,Hisuian Zorua (#145/128),Zorua de Hisui,65.0,94.96,150.0
2026-09-23T19:00:01-03:00,30C,146,Maushold (#146/128),Maushold,148.0,266.96,400.0
2026-09-23T19:00:01-03:00,30C,147,Fuecoco ex (#147/128),Fuecoco ex,129.98,204.83,450.0
2026-09-23T19:00:01-03:00,30C,148,Greninja ex (#148/128),Greninja ex,249.0,339.66,999.99
2026-09-23T19:00:01-03:00,30C,149,Pikachu ex (#149/128),Pikachu ex,690.0,841.58,1290.9
2026-09-23T19:00:01-03:00,30C,150,Pikachu ex (#150/128),Pikachu ex,760.0,857.98,1199.9
2026-09-23T19:00:01-03:00,30C,151,Mewtwo ex (#151/128),Mewtwo ex,699.0,1075.46,2999.99
2026-09-23T19:00:01-03:00,30C,152,Mew ex (#152/128),Mew ex,990.0,1507.28,5000.0
2026-09-23T19:00:01-03:00,30C,153,Sylveon ex (#153/128),Sylveon ex,480.0,729.14,3500.0
2026-09-23T19:00:01-03:00,30C,154,Gengar ex (#154/128),Gengar ex,798.98,1348.63,2200.0
2026-09-23T19:00:01-03:00,30C,155,Jirachi ex (#155/128),Jirachi ex,349.99,501.2,1199.0
2026-09-23T19:00:01-03:00,30C,156,Salamence ex (#156/128),Salamence ex,169.98,266.68,299.99
2026-09-23T19:00:01-03:00,30C,157,Mewtwo ex (#157/128),Mewtwo ex,590.0,748.33,1695.0
2026-09-23T19:00:01-03:00,30C,158,Mew ex (#158/128),Mew ex,750.0,1088.19,5000.0
2026-09-23T19:00:01-03:00,30C-C,004,Charizard (#004/30),Charizard,1449.9,2333.04,5000.0
2026-09-23T19:00:01-03:00,30C-C,005,Delcatty (#005/30),Delcatty,69.9,111.93,220.0
2026-09-23T19:00:01-03:00,30C-C,011,Metagross (#011/30),Metagross,99.97,156.46,300.0
2026-09-23T19:00:01-03:00,30C-C,011b,Genesect-EX (#011b/30),Genesect-EX,69.9,133.89,199.0
2026-09-23T19:00:01-03:00,30C-C,018,Misty (#018/30),Misty,119.0,157.53,229.0
2026-09-23T19:00:01-03:00,30C-C,019,Dark Tyranitar (#019/30),Tyranitar Sombrio,149.5,214.29,500.0
2026-09-23T19:00:01-03:00,30C-C,025,Sneasel (#025/30),Sneasel,55.99,110.45,500.0
2026-09-23T19:00:01-03:00,30C-C,033,Pikachu & Zekrom-GX (#033/30),Pikachu e Zekrom-GX,199.9,358.74,400.0
2026-09-23T19:00:01-03:00,30C-C,041,Greninja BREAK (#041/30),Greninja TURBO,83.99,104.87,149.89
2026-09-23T19:00:01-03:00,30C-C,043,Uxie (#043/30),Uxie,59.9,102.08,169.9
2026-09-23T19:00:01-03:00,30C-C,047,Crobat G (#047/30),Crobat G,51.29,245.33,360.0
2026-09-23T19:00:01-03:00,30C-C,050,Raikou (#050/30),Raikou,54.99,143.55,500.0
2026-09-23T19:00:01-03:00,30C-C,057,Buzzwole-GX (#057/30),Buzzwole-GX,60.0,88.55,149.5
2026-09-23T19:00:01-03:00,30C-C,058,Pikachu (#058/30),Pikachu,242.0,308.06,399.0
2026-09-23T19:00:01-03:00,30C-C,069,Erika's Jigglypuff (#069/30),Jigglypuff da Érica,132.0,164.84,199.9
2026-09-23T19:00:01-03:00,30C-C,085,Rayquaza-EX (#085/30),Rayquaza-EX,149.9,254.47,500.0
2026-09-23T19:00:01-03:00,30C-C,089,Solgaleo-GX (#089/30),Solgaleo-GX,65.0,124.43,199.0
2026-09-23T19:00:01-03:00,30C-C,094,Gengar (#094/30),Gengar,449.99,725.51,1299.9
2026-09-23T19:00:01-03:00,30C-C,099,Darkrai & Cresselia LEGEND (#099/30),Darkrai & Cresselia LENDA,199.5,282.62,310.8
2026-09-23T19:00:01-03:00,30C-C,100,Darkrai & Cresselia LEGEND (#100/30),Darkrai & Cresselia LENDA,189.9,248.76,354.3
2026-09-23T19:00:01-03:00,30C-C,101,N (#101/30),N,149.5,218.13,700.0
2026-09-23T19:00:01-03:00,30C-C,106,Palkia LV.X (#106/30),Palkia LV.X,149.9,393.43,550.0
2026-09-23T19:00:01-03:00,30C-C,106b,M Gardevoir-EX (#106b/30),M Gardevoir-EX,120.0,214.96,250.0
2026-09-23T19:00:01-03:00,30C-C,106c,Shining Celebi (#106c/30),Celebi Luminescente,379.0,616.27,1200.0
2026-09-23T19:00:01-03:00,30C-C,108,Scizor ex (#108/30),Scizor ex,94.99,135.56,150.0
2026-09-23T19:00:01-03:00,30C-C,114,Mew-VMAX (#114/30),Mew-VMAX,135.0,196.81,229.9
2026-09-23T19:00:01-03:00,30C-C,123,Arceus-VSTAR (#123/30),Arceus-V-ASTRO,699.0,840.27,900.0
2026-09-23T19:00:01-03:00,30C-C,138,Zacian-V (#138/30),Zacian-V,200.0,289.92,450.0
2026-09-23T19:00:01-03:00,30C-C,149,Lugia (#149/30),Lugia,1499.0,1923.67,2449.9
2026-09-23T19:00:01-03:00,30C-C,203,Magikarp (#203/30),Magikarp,685.0,823.82,999.99
2026-09-23T20:00:01-03:00,30C,001,Exeggcute (#001/128),Exeggcute,1.0,2.3,5.9
2026-09-23T20:00:01-03:00,30C,002,Alolan Exeggutor (#002/128),Exeggutor de Alola,1.72,2.81,5.9
2026-09-23T20:00:01-03:00,30C,003,Volbeat (#003/128),Volbeat,0.96,2.29,5.9
2026-09-23T20:00:01-03:00,30C,004,Illumise (#004/128),Illumise,0.96,2.1,5.9
2026-09-23T20:00:01-03:00,30C,005,Tropius (#005/128),Tropius,0.96,2.0,7.0
2026-09-23T20:00:01-03:00,30C,006,Cherubi (#006/128),Cherubi,0.96,2.02,5.9
2026-09-23T20:00:01-03:00,30C,007,Cherrim (#007/128),Cherrim,0.97,2.24,5.9
2026-09-23T20:00:01-03:00,30C,008,Vivillon (#008/128),Vivillon,1.29,2.36,5.9
2026-09-23T20:00:01-03:00,30C,009,Vulpix (#009/128),Vulpix,0.97,2.67,9.9
2026-09-23T20:00:01-03:00,30C,010,Ninetales (#010/128),Ninetales,1.5,2.81,5.9
2026-09-23T20:00:01-03:00,30C,011,Moltres (#011/128),Moltres,2.0,5.1,14.9
2026-09-23T20:00:01-03:00,30C,012,Ho-Oh (#012/128),Ho-Oh,1.88,4.72,9.9
2026-09-23T20:00:01-03:00,30C,013,Victini (#013/128),Victini,1.5,2.72,9.9
2026-09-23T20:00:01-03:00,30C,014,Reshiram (#014/128),Reshiram,0.96,2.73,8.9
2026-09-23T20:00:01-03:00,30C,015,Fuecoco ex (#015/128),Fuecoco ex,4.99,9.78,39.9
2026-09-23T20:00:01-03:00,30C,016,Slowpoke (#016/128),Slowpoke,0.97,3.09,11.9
2026-09-23T20:00:01-03:00,30C,017,Lapras (#017/128),Lapras,0.96,4.0,19.9
2026-09-23T20:00:01-03:00,30C,018,Articuno (#018/128),Articuno,2.5,11.16,34.9
2026-09-23T20:00:01-03:00,30C,019,Kyogre (#019/128),Kyogre,0.96,5.67,9.9
2026-09-23T20:00:01-03:00,30C,020,Palkia (#020/128),Palkia,1.5,3.37,9.9
2026-09-23T20:00:01-03:00,30C,021,Greninja ex (#021/128),Greninja ex,11.25,18.06,39.9
2026-09-23T20:00:01-03:00,30C,022,Wishiwashi (#022/128),Wishiwashi,0.96,2.05,5.9
2026-09-23T20:00:01-03:00,30C,023,Pikachu (#023/128),Pikachu,9.96,20.67,39.9
2026-09-23T20:00:01-03:00,30C,024,Pikachu (#024/128),Pikachu,9.5,19.92,39.9
2026-09-23T20:00:01-03:00,30C,025,Pikachu (#025/128),Pikachu,7.9,19.02,39.9
2026-09-23T20:00:01-03:00,30C,026,Pikachu (#026/128),Pikachu,12.98,23.42,59.9
2026-09-23T20:00:01-03:00,30C,027,Pikachu (#027/128),Pikachu,17.95,35.02,69.89
2026-09-23T20:00:01-03:00,30C,028,Pikachu (#028/128),Pikachu,19.99,27.62,99.9
2026-09-23T20:00:01-03:00,30C,029,Pikachu (#029/128),Pikachu,9.5,28.96,65.0
2026-09-23T20:00:01-03:00,30C,030,Pikachu (#030/128),Pikachu,9.5,18.24,39.9
2026-09-23T20:00:01-03:00,30C,031,Pikachu (#031/128),Pikachu,10.95,20.67,39.9
2026-09-23T20:00:01-03:00,30C,032,Pikachu (#032/128),Pikachu,19.0,52.34,89.9
2026-09-23T20:00:01-03:00,30C,033,Pikachu (#033/128),Pikachu,9.5,20.25,39.9
2026-09-23T20:00:01-03:00,30C,034,Pikachu (#034/128),Pikachu,14.88,66.63,99.9
2026-09-23T20:00:01-03:00,30C,035,Pikachu (#035/128),Pikachu,12.0,24.89,39.9
2026-09-23T20:00:01-03:00,30C,036,Pikachu (#036/128),Pikachu,14.0,30.22,89.9
2026-09-23T20:00:01-03:00,30C,037,Pikachu (#037/128),Pikachu,9.5,30.91,79.9
2026-09-23T20:00:01-03:00,30C,038,Pikachu (#038/128),Pikachu,9.5,26.49,99.9
2026-09-23T20:00:01-03:00,30C,039,Pikachu (#039/128),Pikachu,13.98,27.39,39.9
2026-09-23T20:00:01-03:00,30C,040,Pikachu (#040/128),Pikachu,19.98,55.9,120.0
2026-09-23T20:00:01-03:00,30C,041,Pikachu (#041/128),Pikachu,10.46,19.95,39.9
2026-09-23T20:00:01-03:00,30C,042,Pikachu (#042/128),Pikachu,9.5,20.65,39.9
2026-09-23T20:00:01-03:00,30C,043,Pikachu (#043/128),Pikachu,14.98,25.61,39.9
2026-09-23T20:00:01-03:00,30C,044,Pikachu (#044/128),Pikachu,9.5,25.57,39.9
2026-09-23T20:00:01-03:00,30C,045,Pikachu (#045/128),Pikachu,9.9,22.0,89.9
2026-09-23T20:00:01-03:00,30C,046,Pikachu (#046/128),Pikachu,13.89,22.23,39.9
2026-09-23T20:00:01-03:00,30C,047,Pikachu (#047/128),Pikachu,9.5,19.94,39.9
2026-09-23T20:00:01-03:00,30C,048,Pikachu (#048/128),Pikachu,9.9,25.29,99.9
2026-09-23T20:00:01-03:00,30C,049,Pikachu (#049/128),Pikachu,9.5,19.58,39.9
2026-09-23T20:00:01-03:00,30C,050,Pikachu (#050/128),Pikachu,9.9,30.21,99.9
2026-09-23T20:00:01-03:00,30C,051,Pikachu (#051/128),Pikachu,10.9,19.65,39.9
2026-09-23T20:00:01-03:00,30C,052,Pikachu (#052/128),Pikachu,13.87,23.15,99.9
2026-09-23T20:00:01-03:00,30C,053,Pikachu ex (#053/128),Pikachu ex,17.99,29.75,51.9
2026-09-23T20:00:01-03:00,30C,054,Pikachu ex (#054/128),Pikachu ex,19.5,31.95,51.9
2026-09-23T20:00:01-03:00,30C,055,Zapdos (#055/128),Zapdos,1.72,8.97,14.9
2026-09-23T20:00:01-03:00,30C,056,Zekrom (#056/128),Zekrom,0.96,2.86,14.9
2026-09-23T20:00:01-03:00,30C,057,Zeraora (#057/128),Zeraora,1.3,2.81,7.0
2026-09-23T20:00:01-03:00,30C,058,Toxel (#058/128),Toxel,0.96,1.92,5.9
2026-09-23T20:00:01-03:00,30C,059,Toxtricity (#059/128),Toxtricity,1.0,2.43,5.9
2026-09-23T20:00:01-03:00,30C,060,Toxtricity (#060/128),Toxtricity,1.0,2.57,5.9
2026-09-23T20:00:01-03:00,30C,061,Morpeko (#061/128),Morpeko,0.96,2.49,5.9
2026-09-23T20:00:01-03:00,30C,062,Miraidon (#062/128),Miraidon,0.98,2.53,5.9
2026-09-23T20:00:01-03:00,30C,063,Mewtwo (#063/128),Mewtwo,1.9,8.89,29.9
2026-09-23T20:00:01-03:00,30C,064,Mewtwo ex (#064/128),Mewtwo ex,11.72,18.91,39.89
2026-09-23T20:00:01-03:00,30C,065,Mew (#065/128),Mew,4.9,12.18,50.0
2026-09-23T20:00:01-03:00,30C,066,Mew ex (#066/128),Mew ex,75.0,99.72,119.9
2026-09-23T20:00:01-03:00,30C,067,Marill (#067/128),Marill,1.0,2.01,5.9
2026-09-23T20:00:01-03:00,30C,068,Azumarill (#068/128),Azumarill,1.49,2.18,5.9
2026-09-23T20:00:01-03:00,30C,069,Espeon (#069/128),Espeon,3.0,13.5,39.9
2026-09-23T20:00:01-03:00,30C,070,Espeon ex (#070/128),Espeon ex,15.0,25.22,30.0
2026-09-23T20:00:01-03:00,30C,071,Sylveon ex (#071/128),Sylveon ex,9.9,21.27,49.5
2026-09-23T20:00:01-03:00,30C,072,Unown (#072/128),Unown,1.5,4.28,16.9
2026-09-23T20:00:01-03:00,30C,073,Drifloon (#073/128),Drifloon,0.96,1.95,5.9
2026-09-23T20:00:01-03:00,30C,074,Cresselia (#074/128),Cresselia,0.96,2.42,5.9
2026-09-23T20:00:01-03:00,30C,075,Chandelure (#075/128),Chandelure,0.99,2.63,39.99
2026-09-23T20:00:01-03:00,30C,076,Xerneas (#076/128),Xerneas,0.97,2.52,6.9
2026-09-23T20:00:01-03:00,30C,077,Comfey (#077/128),Comfey,0.96,1.8,5.9
2026-09-23T20:00:01-03:00,30C,078,Cosmog (#078/128),Cosmog,0.96,1.94,5.9
2026-09-23T20:00:01-03:00,30C,079,Cosmoem (#079/128),Cosmoem,0.96,2.29,5.9
2026-09-23T20:00:01-03:00,30C,080,Lunala (#080/128),Lunala,1.5,3.7,6.9
2026-09-23T20:00:01-03:00,30C,081,Gimmighoul (#081/128),Gimmighoul,0.96,1.99,5.9
2026-09-23T20:00:01-03:00,30C,082,Groudon (#082/128),Groudon,0.97,3.0,11.38
2026-09-23T20:00:01-03:00,30C,083,Lucario (#083/128),Lucario,1.48,3.24,9.99
2026-09-23T20:00:01-03:00,30C,084,Seismitoad (#084/128),Seismitoad,0.99,2.39,5.9
2026-09-23T20:00:01-03:00,30C,085,Lycanroc (#085/128),Lycanroc,1.2,3.12,23.99
2026-09-23T20:00:01-03:00,30C,086,Koraidon (#086/128),Koraidon,1.0,3.08,6.9
2026-09-23T20:00:01-03:00,30C,087,Nidoran Female (#087/128),Nidoran Fêmea,0.9,1.58,5.9
2026-09-23T20:00:01-03:00,30C,088,Nidorina (#088/128),Nidorina,0.96,2.25,9.9
2026-09-23T20:00:01-03:00,30C,089,Alolan Meowth (#089/128),Meowth de Alola,0.97,2.51,5.9
2026-09-23T20:00:01-03:00,30C,090,Gengar ex (#090/128),Gengar ex,27.0,37.5,65.0
2026-09-23T20:00:01-03:00,30C,091,Umbreon (#091/128),Umbreon,5.39,22.06,49.9
2026-09-23T20:00:01-03:00,30C,092,Umbreon ex (#092/128),Umbreon ex,19.88,31.08,50.0
2026-09-23T20:00:01-03:00,30C,093,Murkrow (#093/128),Murkrow,0.96,2.18,5.9
2026-09-23T20:00:01-03:00,30C,094,Scraggy (#094/128),Scraggy,0.96,2.31,5.9
2026-09-23T20:00:01-03:00,30C,095,Zorua (#095/128),Zorua,1.4,3.22,5.9
2026-09-23T20:00:01-03:00,30C,096,Zoroark (#096/128),Zoroark,1.0,3.07,9.9
2026-09-23T20:00:01-03:00,30C,097,Deino (#097/128),Deino,0.96,2.2,5.9
2026-09-23T20:00:01-03:00,30C,098,Zweilous (#098/128),Zweilous,1.0,2.32,5.9
2026-09-23T20:00:01-03:00,30C,099,Hydreigon (#099/128),Hydreigon,1.0,2.83,9.9
2026-09-23T20:00:01-03:00,30C,100,Yveltal (#100/128),Yveltal,1.0,4.07,6.9
2026-09-23T20:00:01-03:00,30C,101,Galarian Meowth (#101/128),Meowth de Galar,1.5,2.18,9.9
2026-09-23T20:00:01-03:00,30C,102,Jirachi ex (#102/128),Jirachi ex,5.99,13.46,22.0
2026-09-23T20:00:01-03:00,30C,103,Dialga (#103/128),Dialga,1.5,3.27,9.89
2026-09-23T20:00:01-03:00,30C,104,Ferrothorn (#104/128),Ferrothorn,0.97,2.76,5.9
2026-09-23T20:00:01-03:00,30C,105,Solgaleo (#105/128),Solgaleo,0.97,2.55,6.9
2026-09-23T20:00:01-03:00,30C,106,Zacian (#106/128),Zacian,0.97,3.89,11.9
2026-09-23T20:00:01-03:00,30C,107,Zamazenta (#107/128),Zamazenta,0.97,2.7,9.9
2026-09-23T20:00:01-03:00,30C,108,Gholdengo (#108/128),Gholdengo,1.0,2.51,9.9
2026-09-23T20:00:01-03:00,30C,109,Salamence ex (#109/128),Salamence ex,8.0,11.75,19.9
2026-09-23T20:00:01-03:00,30C,110,Jangmo-o (#110/128),Jangmo-o,1.0,1.96,5.9
2026-09-23T20:00:01-03:00,30C,111,Hakamo-o (#111/128),Hakamo-o,0.97,2.13,5.9
2026-09-23T20:00:01-03:00,30C,112,Kommo-o (#112/128),Kommo-o,0.96,2.33,5.9
2026-09-23T20:00:01-03:00,30C,113,Meowth (#113/128),Meowth,1.2,2.57,10.9
2026-09-23T20:00:01-03:00,30C,114,Kangaskhan (#114/128),Kangaskhan,0.97,2.43,10.9
2026-09-23T20:00:01-03:00,30C,115,Ditto (#115/128),Ditto,1.5,10.56,19.9
2026-09-23T20:00:01-03:00,30C,116,Eevee (#116/128),Eevee,2.0,7.73,19.9
2026-09-23T20:00:01-03:00,30C,117,Eevee (#117/128),Eevee,2.99,9.53,19.9
2026-09-23T20:00:01-03:00,30C,118,Eevee (#118/128),Eevee,2.0,9.07,19.9
2026-09-23T20:00:01-03:00,30C,119,Snorlax (#119/128),Snorlax,1.5,6.63,35.0
2026-09-23T20:00:01-03:00,30C,120,Igglybuff (#120/128),Igglybuff,1.9,8.98,19.9
2026-09-23T20:00:01-03:00,30C,121,Lugia (#121/128),Lugia,2.5,8.63,16.9
2026-09-23T20:00:01-03:00,30C,122,Hisuian Zorua (#122/128),Zorua de Hisui,0.97,2.2,10.9
2026-09-23T20:00:01-03:00,30C,123,Hisuian Zoroark (#123/128),Zoroark de Hisui,0.97,3.19,10.9
2026-09-23T20:00:01-03:00,30C,124,Minior (#124/128),Minior,0.97,2.15,7.0
2026-09-23T20:00:01-03:00,30C,125,Maushold (#125/128),Maushold,1.95,4.62,11.9
2026-09-23T20:00:01-03:00,30C,126,Poké Pad (#126/128),Poké Tablet,9.0,17.91,29.9
2026-09-23T20:00:01-03:00,30C,127,Switch (#127/128),Substituição,1.49,5.49,14.9
2026-09-23T20:00:01-03:00,30C,128,Ultra Ball (#128/128),Ultra Bola,5.99,10.37,24.99
2026-09-23T20:00:01-03:00,30C,129,Alolan Exeggutor (#129/128),Exeggutor de Alola,36.87,49.09,99.89
2026-09-23T20:00:01-03:00,30C,130,Moltres (#130/128),Moltres,75.0,96.88,249.99
2026-09-23T20:00:01-03:00,30C,131,Lapras (#131/128),Lapras,90.0,110.76,225.0
2026-09-23T20:00:01-03:00,30C,132,Articuno (#132/128),Articuno,85.0,129.67,499.9
2026-09-23T20:00:01-03:00,30C,133,Zapdos (#133/128),Zapdos,68.0,122.81,149.9
2026-09-23T20:00:01-03:00,30C,134,Toxtricity (#134/128),Toxtricity,33.96,44.77,69.9
2026-09-23T20:00:01-03:00,30C,135,Morpeko (#135/128),Morpeko,59.5,105.05,200.0
2026-09-23T20:00:01-03:00,30C,136,Drifloon (#136/128),Drifloon,29.5,67.79,249.9
2026-09-23T20:00:01-03:00,30C,137,Chandelure (#137/128),Chandelure,29.5,56.22,109.89
2026-09-23T20:00:01-03:00,30C,138,Lycanroc (#138/128),Lycanroc,19.96,33.66,49.9
2026-09-23T20:00:01-03:00,30C,139,Alolan Meowth (#139/128),Meowth de Alola,68.0,106.57,179.9
2026-09-23T20:00:01-03:00,30C,140,Scraggy (#140/128),Scraggy,20.0,32.74,99.9
2026-09-23T20:00:01-03:00,30C,141,Galarian Meowth (#141/128),Meowth de Galar,82.99,118.96,249.9
2026-09-23T20:00:01-03:00,30C,142,Gholdengo (#142/128),Gholdengo,24.83,34.16,89.9
2026-09-23T20:00:01-03:00,30C,143,Kommo-o (#143/128),Kommo-o,24.44,43.01,219.9
2026-09-23T20:00:01-03:00,30C,144,Meowth (#144/128),Meowth,99.5,154.88,330.0
2026-09-23T20:00:01-03:00,30C,145,Hisuian Zorua (#145/128),Zorua de Hisui,65.0,94.96,150.0
2026-09-23T20:00:01-03:00,30C,146,Maushold (#146/128),Maushold,148.0,266.96,400.0
2026-09-23T20:00:01-03:00,30C,147,Fuecoco ex (#147/128),Fuecoco ex,129.98,204.83,450.0
2026-09-23T20:00:01-03:00,30C,148,Greninja ex (#148/128),Greninja ex,249.0,339.66,999.99
2026-09-23T20:00:01-03:00,30C,149,Pikachu ex (#149/128),Pikachu ex,690.0,841.58,1290.9
2026-09-23T20:00:01-03:00,30C,150,Pikachu ex (#150/128),Pikachu ex,760.0,857.98,1199.9
2026-09-23T20:00:01-03:00,30C,151,Mewtwo ex (#151/128),Mewtwo ex,699.0,1075.46,2999.99
2026-09-23T20:00:01-03:00,30C,152,Mew ex (#152/128),Mew ex,990.0,1507.28,5000.0
2026-09-23T20:00:01-03:00,30C,153,Sylveon ex (#153/128),Sylveon ex,480.0,729.14,3500.0
2026-09-23T20:00:01-03:00,30C,154,Gengar ex (#154/128),Gengar ex,798.98,1348.63,2200.0
2026-09-23T20:00:01-03:00,30C,155,Jirachi ex (#155/128),Jirachi ex,349.99,501.2,1199.0
2026-09-23T20:00:01-03:00,30C,156,Salamence ex (#156/128),Salamence ex,169.98,266.68,299.99
2026-09-23T20:00:01-03:00,30C,157,Mewtwo ex (#157/128),Mewtwo ex,590.0,748.33,1695.0
2026-09-23T20:00:01-03:00,30C,158,Mew ex (#158/128),Mew ex,750.0,1088.19,5000.0
2026-09-23T20:00:01-03:00,30C-C,004,Charizard (#004/30),Charizard,1449.9,2333.04,5000.0
2026-09-23T20:00:01-03:00,30C-C,005,Delcatty (#005/30),Delcatty,69.9,111.93,220.0
2026-09-23T20:00:01-03:00,30C-C,011,Metagross (#011/30),Metagross,99.97,156.46,300.0
2026-09-23T20:00:01-03:00,30C-C,011b,Genesect-EX (#011b/30),Genesect-EX,69.9,133.89,199.0
2026-09-23T20:00:01-03:00,30C-C,018,Misty (#018/30),Misty,119.0,157.53,229.0
2026-09-23T20:00:01-03:00,30C-C,019,Dark Tyranitar (#019/30),Tyranitar Sombrio,149.5,214.29,500.0
2026-09-23T20:00:01-03:00,30C-C,025,Sneasel (#025/30),Sneasel,55.99,110.45,500.0
2026-09-23T20:00:01-03:00,30C-C,033,Pikachu & Zekrom-GX (#033/30),Pikachu e Zekrom-GX,199.9,358.74,400.0
2026-09-23T20:00:01-03:00,30C-C,041,Greninja BREAK (#041/30),Greninja TURBO,83.99,104.87,149.89
2026-09-23T20:00:01-03:00,30C-C,043,Uxie (#043/30),Uxie,59.9,102.08,169.9
2026-09-23T20:00:01-03:00,30C-C,047,Crobat G (#047/30),Crobat G,51.29,245.33,360.0
2026-09-23T20:00:01-03:00,30C-C,050,Raikou (#050/30),Raikou,54.99,143.55,500.0
2026-09-23T20:00:01-03:00,30C-C,057,Buzzwole-GX (#057/30),Buzzwole-GX,60.0,88.55,149.5
2026-09-23T20:00:01-03:00,30C-C,058,Pikachu (#058/30),Pikachu,242.0,308.06,399.0
2026-09-23T20:00:01-03:00,30C-C,069,Erika's Jigglypuff (#069/30),Jigglypuff da Érica,132.0,164.84,199.9
2026-09-23T20:00:01-03:00,30C-C,085,Rayquaza-EX (#085/30),Rayquaza-EX,149.9,254.47,500.0
2026-09-23T20:00:01-03:00,30C-C,089,Solgaleo-GX (#089/30),Solgaleo-GX,65.0,124.43,199.0
2026-09-23T20:00:01-03:00,30C-C,094,Gengar (#094/30),Gengar,449.99,725.51,1299.9
2026-09-23T20:00:01-03:00,30C-C,099,Darkrai & Cresselia LEGEND (#099/30),Darkrai & Cresselia LENDA,199.5,282.62,310.8
2026-09-23T20:00:01-03:00,30C-C,100,Darkrai & Cresselia LEGEND (#100/30),Darkrai & Cresselia LENDA,189.9,248.76,354.3
2026-09-23T20:00:01-03:00,30C-C,101,N (#101/30),N,149.5,218.13,700.0
2026-09-23T20:00:01-03:00,30C-C,106,Palkia LV.X (#106/30),Palkia LV.X,149.9,393.43,550.0
2026-09-23T20:00:01-03:00,30C-C,106b,M Gardevoir-EX (#106b/30),M Gardevoir-EX,120.0,214.96,250.0
2026-09-23T20:00:01-03:00,30C-C,106c,Shining Celebi (#106c/30),Celebi Luminescente,379.0,616.27,1200.0
2026-09-23T20:00:01-03:00,30C-C,108,Scizor ex (#108/30),Scizor ex,94.99,135.56,150.0
2026-09-23T20:00:01-03:00,30C-C,114,Mew-VMAX (#114/30),Mew-VMAX,135.0,196.81,229.9
2026-09-23T20:00:01-03:00,30C-C,123,Arceus-VSTAR (#123/30),Arceus-V-ASTRO,699.0,840.27,900.0
2026-09-23T20:00:01-03:00,30C-C,138,Zacian-V (#138/30),Zacian-V,200.0,289.92,450.0
2026-09-23T20:00:01-03:00,30C-C,149,Lugia (#149/30),Lugia,1499.0,1923.67,2449.9
2026-09-23T20:00:01-03:00,30C-C,203,Magikarp (#203/30),Magikarp,685.0,823.82,999.99
2026-09-23T21:00:01-03:00,30C,001,Exeggcute (#001/128),Exeggcute,1.0,2.3,5.9
2026-09-23T21:00:01-03:00,30C,002,Alolan Exeggutor (#002/128),Exeggutor de Alola,1.72,2.81,5.9
2026-09-23T21:00:01-03:00,30C,003,Volbeat (#003/128),Volbeat,0.96,2.29,5.9
2026-09-23T21:00:01-03:00,30C,004,Illumise (#004/128),Illumise,0.96,2.1,5.9
2026-09-23T21:00:01-03:00,30C,005,Tropius (#005/128),Tropius,0.96,2.0,7.0
2026-09-23T21:00:01-03:00,30C,006,Cherubi (#006/128),Cherubi,0.96,2.02,5.9
2026-09-23T21:00:01-03:00,30C,007,Cherrim (#007/128),Cherrim,0.97,2.24,5.9
2026-09-23T21:00:01-03:00,30C,008,Vivillon (#008/128),Vivillon,1.29,2.36,5.9
2026-09-23T21:00:01-03:00,30C,009,Vulpix (#009/128),Vulpix,0.97,2.67,9.9
2026-09-23T21:00:01-03:00,30C,010,Ninetales (#010/128),Ninetales,1.5,2.81,5.9
2026-09-23T21:00:01-03:00,30C,011,Moltres (#011/128),Moltres,2.0,5.1,14.9
2026-09-23T21:00:01-03:00,30C,012,Ho-Oh (#012/128),Ho-Oh,1.88,4.72,9.9
2026-09-23T21:00:01-03:00,30C,013,Victini (#013/128),Victini,1.5,2.72,9.9
2026-09-23T21:00:01-03:00,30C,014,Reshiram (#014/128),Reshiram,0.96,2.73,8.9
2026-09-23T21:00:01-03:00,30C,015,Fuecoco ex (#015/128),Fuecoco ex,4.99,9.78,39.9
2026-09-23T21:00:01-03:00,30C,016,Slowpoke (#016/128),Slowpoke,0.97,3.09,11.9
2026-09-23T21:00:01-03:00,30C,017,Lapras (#017/128),Lapras,0.96,4.0,19.9
2026-09-23T21:00:01-03:00,30C,018,Articuno (#018/128),Articuno,2.5,11.16,34.9
2026-09-23T21:00:01-03:00,30C,019,Kyogre (#019/128),Kyogre,0.96,5.67,9.9
2026-09-23T21:00:01-03:00,30C,020,Palkia (#020/128),Palkia,1.5,3.37,9.9
2026-09-23T21:00:01-03:00,30C,021,Greninja ex (#021/128),Greninja ex,11.25,18.06,39.9
2026-09-23T21:00:01-03:00,30C,022,Wishiwashi (#022/128),Wishiwashi,0.96,2.05,5.9
2026-09-23T21:00:01-03:00,30C,023,Pikachu (#023/128),Pikachu,9.96,20.67,39.9
2026-09-23T21:00:01-03:00,30C,024,Pikachu (#024/128),Pikachu,9.5,19.92,39.9
2026-09-23T21:00:01-03:00,30C,025,Pikachu (#025/128),Pikachu,7.9,19.02,39.9
2026-09-23T21:00:01-03:00,30C,026,Pikachu (#026/128),Pikachu,12.98,23.42,59.9
2026-09-23T21:00:01-03:00,30C,027,Pikachu (#027/128),Pikachu,17.95,35.02,69.89
2026-09-23T21:00:01-03:00,30C,028,Pikachu (#028/128),Pikachu,19.99,27.62,99.9
2026-09-23T21:00:01-03:00,30C,029,Pikachu (#029/128),Pikachu,9.5,28.96,65.0
2026-09-23T21:00:01-03:00,30C,030,Pikachu (#030/128),Pikachu,9.5,18.24,39.9
2026-09-23T21:00:01-03:00,30C,031,Pikachu (#031/128),Pikachu,10.95,20.67,39.9
2026-09-23T21:00:01-03:00,30C,032,Pikachu (#032/128),Pikachu,19.0,52.34,89.9
2026-09-23T21:00:01-03:00,30C,033,Pikachu (#033/128),Pikachu,9.5,20.25,39.9
2026-09-23T21:00:01-03:00,30C,034,Pikachu (#034/128),Pikachu,14.88,66.63,99.9
2026-09-23T21:00:01-03:00,30C,035,Pikachu (#035/128),Pikachu,12.0,24.89,39.9
2026-09-23T21:00:01-03:00,30C,036,Pikachu (#036/128),Pikachu,14.0,30.22,89.9
2026-09-23T21:00:01-03:00,30C,037,Pikachu (#037/128),Pikachu,9.5,30.91,79.9
2026-09-23T21:00:01-03:00,30C,038,Pikachu (#038/128),Pikachu,9.5,26.49,99.9
2026-09-23T21:00:01-03:00,30C,039,Pikachu (#039/128),Pikachu,13.98,27.39,39.9
2026-09-23T21:00:01-03:00,30C,040,Pikachu (#040/128),Pikachu,19.98,55.9,120.0
2026-09-23T21:00:01-03:00,30C,041,Pikachu (#041/128),Pikachu,10.46,19.95,39.9
2026-09-23T21:00:01-03:00,30C,042,Pikachu (#042/128),Pikachu,9.5,20.65,39.9
2026-09-23T21:00:01-03:00,30C,043,Pikachu (#043/128),Pikachu,14.98,25.61,39.9
2026-09-23T21:00:01-03:00,30C,044,Pikachu (#044/128),Pikachu,9.5,25.57,39.9
2026-09-23T21:00:01-03:00,30C,045,Pikachu (#045/128),Pikachu,9.9,22.0,89.9
2026-09-23T21:00:01-03:00,30C,046,Pikachu (#046/128),Pikachu,13.89,22.23,39.9
2026-09-23T21:00:01-03:00,30C,047,Pikachu (#047/128),Pikachu,9.5,19.94,39.9
2026-09-23T21:00:01-03:00,30C,048,Pikachu (#048/128),Pikachu,9.9,25.29,99.9
2026-09-23T21:00:01-03:00,30C,049,Pikachu (#049/128),Pikachu,9.5,19.58,39.9
2026-09-23T21:00:01-03:00,30C,050,Pikachu (#050/128),Pikachu,9.9,30.21,99.9
2026-09-23T21:00:01-03:00,30C,051,Pikachu (#051/128),Pikachu,10.9,19.65,39.9
2026-09-23T21:00:01-03:00,30C,052,Pikachu (#052/128),Pikachu,13.87,23.15,99.9
2026-09-23T21:00:01-03:00,30C,053,Pikachu ex (#053/128),Pikachu ex,17.99,29.75,51.9
2026-09-23T21:00:01-03:00,30C,054,Pikachu ex (#054/128),Pikachu ex,19.5,31.95,51.9
2026-09-23T21:00:01-03:00,30C,055,Zapdos (#055/128),Zapdos,1.72,8.97,14.9
2026-09-23T21:00:01-03:00,30C,056,Zekrom (#056/128),Zekrom,0.96,2.86,14.9
2026-09-23T21:00:01-03:00,30C,057,Zeraora (#057/128),Zeraora,1.3,2.81,7.0
2026-09-23T21:00:01-03:00,30C,058,Toxel (#058/128),Toxel,0.96,1.92,5.9
2026-09-23T21:00:01-03:00,30C,059,Toxtricity (#059/128),Toxtricity,1.0,2.43,5.9
2026-09-23T21:00:01-03:00,30C,060,Toxtricity (#060/128),Toxtricity,1.0,2.57,5.9
2026-09-23T21:00:01-03:00,30C,061,Morpeko (#061/128),Morpeko,0.96,2.49,5.9
2026-09-23T21:00:01-03:00,30C,062,Miraidon (#062/128),Miraidon,0.98,2.53,5.9
2026-09-23T21:00:01-03:00,30C,063,Mewtwo (#063/128),Mewtwo,1.9,8.89,29.9
2026-09-23T21:00:01-03:00,30C,064,Mewtwo ex (#064/128),Mewtwo ex,11.72,18.91,39.89
2026-09-23T21:00:01-03:00,30C,065,Mew (#065/128),Mew,4.9,12.18,50.0
2026-09-23T21:00:01-03:00,30C,066,Mew ex (#066/128),Mew ex,75.0,99.72,119.9
2026-09-23T21:00:01-03:00,30C,067,Marill (#067/128),Marill,1.0,2.01,5.9
2026-09-23T21:00:01-03:00,30C,068,Azumarill (#068/128),Azumarill,1.49,2.18,5.9
2026-09-23T21:00:01-03:00,30C,069,Espeon (#069/128),Espeon,3.0,13.5,39.9
2026-09-23T21:00:01-03:00,30C,070,Espeon ex (#070/128),Espeon ex,15.0,25.22,30.0
2026-09-23T21:00:01-03:00,30C,071,Sylveon ex (#071/128),Sylveon ex,9.9,21.27,49.5
2026-09-23T21:00:01-03:00,30C,072,Unown (#072/128),Unown,1.5,4.28,16.9
2026-09-23T21:00:01-03:00,30C,073,Drifloon (#073/128),Drifloon,0.96,1.95,5.9
2026-09-23T21:00:01-03:00,30C,074,Cresselia (#074/128),Cresselia,0.96,2.42,5.9
2026-09-23T21:00:01-03:00,30C,075,Chandelure (#075/128),Chandelure,0.99,2.63,39.99
2026-09-23T21:00:01-03:00,30C,076,Xerneas (#076/128),Xerneas,0.97,2.52,6.9
2026-09-23T21:00:01-03:00,30C,077,Comfey (#077/128),Comfey,0.96,1.8,5.9
2026-09-23T21:00:01-03:00,30C,078,Cosmog (#078/128),Cosmog,0.96,1.94,5.9
2026-09-23T21:00:01-03:00,30C,079,Cosmoem (#079/128),Cosmoem,0.96,2.29,5.9
2026-09-23T21:00:01-03:00,30C,080,Lunala (#080/128),Lunala,1.5,3.7,6.9
2026-09-23T21:00:01-03:00,30C,081,Gimmighoul (#081/128),Gimmighoul,0.96,1.99,5.9
2026-09-23T21:00:01-03:00,30C,082,Groudon (#082/128),Groudon,0.97,3.0,11.38
2026-09-23T21:00:01-03:00,30C,083,Lucario (#083/128),Lucario,1.48,3.24,9.99
2026-09-23T21:00:01-03:00,30C,084,Seismitoad (#084/128),Seismitoad,0.99,2.39,5.9
2026-09-23T21:00:01-03:00,30C,085,Lycanroc (#085/128),Lycanroc,1.2,3.12,23.99
2026-09-23T21:00:01-03:00,30C,086,Koraidon (#086/128),Koraidon,1.0,3.08,6.9
2026-09-23T21:00:01-03:00,30C,087,Nidoran Female (#087/128),Nidoran Fêmea,0.9,1.58,5.9
2026-09-23T21:00:01-03:00,30C,088,Nidorina (#088/128),Nidorina,0.96,2.25,9.9
2026-09-23T21:00:01-03:00,30C,089,Alolan Meowth (#089/128),Meowth de Alola,0.97,2.51,5.9
2026-09-23T21:00:01-03:00,30C,090,Gengar ex (#090/128),Gengar ex,27.0,37.5,65.0
2026-09-23T21:00:01-03:00,30C,091,Umbreon (#091/128),Umbreon,5.39,22.06,49.9
2026-09-23T21:00:01-03:00,30C,092,Umbreon ex (#092/128),Umbreon ex,19.88,31.08,50.0
2026-09-23T21:00:01-03:00,30C,093,Murkrow (#093/128),Murkrow,0.96,2.18,5.9
2026-09-23T21:00:01-03:00,30C,094,Scraggy (#094/128),Scraggy,0.96,2.31,5.9
2026-09-23T21:00:01-03:00,30C,095,Zorua (#095/128),Zorua,1.4,3.22,5.9
2026-09-23T21:00:01-03:00,30C,096,Zoroark (#096/128),Zoroark,1.0,3.07,9.9
2026-09-23T21:00:01-03:00,30C,097,Deino (#097/128),Deino,0.96,2.2,5.9
2026-09-23T21:00:01-03:00,30C,098,Zweilous (#098/128),Zweilous,1.0,2.32,5.9
2026-09-23T21:00:01-03:00,30C,099,Hydreigon (#099/128),Hydreigon,1.0,2.83,9.9
2026-09-23T21:00:01-03:00,30C,100,Yveltal (#100/128),Yveltal,1.0,4.07,6.9
2026-09-23T21:00:01-03:00,30C,101,Galarian Meowth (#101/128),Meowth de Galar,1.5,2.18,9.9
2026-09-23T21:00:01-03:00,30C,102,Jirachi ex (#102/128),Jirachi ex,5.99,13.46,22.0
2026-09-23T21:00:01-03:00,30C,103,Dialga (#103/128),Dialga,1.5,3.27,9.89
2026-09-23T21:00:01-03:00,30C,104,Ferrothorn (#104/128),Ferrothorn,0.97,2.76,5.9
2026-09-23T21:00:01-03:00,30C,105,Solgaleo (#105/128),Solgaleo,0.97,2.55,6.9
2026-09-23T21:00:01-03:00,30C,106,Zacian (#106/128),Zacian,0.97,3.89,11.9
2026-09-23T21:00:01-03:00,30C,107,Zamazenta (#107/128),Zamazenta,0.97,2.7,9.9
2026-09-23T21:00:01-03:00,30C,108,Gholdengo (#108/128),Gholdengo,1.0,2.51,9.9
2026-09-23T21:00:01-03:00,30C,109,Salamence ex (#109/128),Salamence ex,8.0,11.75,19.9
2026-09-23T21:00:01-03:00,30C,110,Jangmo-o (#110/128),Jangmo-o,1.0,1.96,5.9
2026-09-23T21:00:01-03:00,30C,111,Hakamo-o (#111/128),Hakamo-o,0.97,2.13,5.9
2026-09-23T21:00:01-03:00,30C,112,Kommo-o (#112/128),Kommo-o,0.96,2.33,5.9
2026-09-23T21:00:01-03:00,30C,113,Meowth (#113/128),Meowth,1.2,2.57,10.9
2026-09-23T21:00:01-03:00,30C,114,Kangaskhan (#114/128),Kangaskhan,0.97,2.43,10.9
2026-09-23T21:00:01-03:00,30C,115,Ditto (#115/128),Ditto,1.5,10.56,19.9
2026-09-23T21:00:01-03:00,30C,116,Eevee (#116/128),Eevee,2.0,7.73,19.9
2026-09-23T21:00:01-03:00,30C,117,Eevee (#117/128),Eevee,2.99,9.53,19.9
2026-09-23T21:00:01-03:00,30C,118,Eevee (#118/128),Eevee,2.0,9.07,19.9
2026-09-23T21:00:01-03:00,30C,119,Snorlax (#119/128),Snorlax,1.5,6.63,35.0
2026-09-23T21:00:01-03:00,30C,120,Igglybuff (#120/128),Igglybuff,1.9,8.98,19.9
2026-09-23T21:00:01-03:00,30C,121,Lugia (#121/128),Lugia,2.5,8.63,16.9
2026-09-23T21:00:01-03:00,30C,122,Hisuian Zorua (#122/128),Zorua de Hisui,0.97,2.2,10.9
2026-09-23T21:00:01-03:00,30C,123,Hisuian Zoroark (#123/128),Zoroark de Hisui,0.97,3.19,10.9
2026-09-23T21:00:01-03:00,30C,124,Minior (#124/128),Minior,0.97,2.15,7.0
2026-09-23T21:00:01-03:00,30C,125,Maushold (#125/128),Maushold,1.95,4.62,11.9
2026-09-23T21:00:01-03:00,30C,126,Poké Pad (#126/128),Poké Tablet,9.0,17.91,29.9
2026-09-23T21:00:01-03:00,30C,127,Switch (#127/128),Substituição,1.49,5.49,14.9
2026-09-23T21:00:01-03:00,30C,128,Ultra Ball (#128/128),Ultra Bola,5.99,10.37,24.99
2026-09-23T21:00:01-03:00,30C,129,Alolan Exeggutor (#129/128),Exeggutor de Alola,36.87,49.09,99.89
2026-09-23T21:00:01-03:00,30C,130,Moltres (#130/128),Moltres,75.0,96.88,249.99
2026-09-23T21:00:01-03:00,30C,131,Lapras (#131/128),Lapras,90.0,110.76,225.0
2026-09-23T21:00:01-03:00,30C,132,Articuno (#132/128),Articuno,85.0,129.67,499.9
2026-09-23T21:00:01-03:00,30C,133,Zapdos (#133/128),Zapdos,68.0,122.81,149.9
2026-09-23T21:00:01-03:00,30C,134,Toxtricity (#134/128),Toxtricity,33.96,44.77,69.9
2026-09-23T21:00:01-03:00,30C,135,Morpeko (#135/128),Morpeko,59.5,105.05,200.0
2026-09-23T21:00:01-03:00,30C,136,Drifloon (#136/128),Drifloon,29.5,67.79,249.9
2026-09-23T21:00:01-03:00,30C,137,Chandelure (#137/128),Chandelure,29.5,56.22,109.89
2026-09-23T21:00:01-03:00,30C,138,Lycanroc (#138/128),Lycanroc,19.96,33.66,49.9
2026-09-23T21:00:01-03:00,30C,139,Alolan Meowth (#139/128),Meowth de Alola,68.0,106.57,179.9
2026-09-23T21:00:01-03:00,30C,140,Scraggy (#140/128),Scraggy,20.0,32.74,99.9
2026-09-23T21:00:01-03:00,30C,141,Galarian Meowth (#141/128),Meowth de Galar,82.99,118.96,249.9
2026-09-23T21:00:01-03:00,30C,142,Gholdengo (#142/128),Gholdengo,24.83,34.16,89.9
2026-09-23T21:00:01-03:00,30C,143,Kommo-o (#143/128),Kommo-o,24.44,43.01,219.9
2026-09-23T21:00:01-03:00,30C,144,Meowth (#144/128),Meowth,99.5,154.88,330.0
2026-09-23T21:00:01-03:00,30C,145,Hisuian Zorua (#145/128),Zorua de Hisui,65.0,94.96,150.0
2026-09-23T21:00:01-03:00,30C,146,Maushold (#146/128),Maushold,148.0,266.96,400.0
2026-09-23T21:00:01-03:00,30C,147,Fuecoco ex (#147/128),Fuecoco ex,129.98,204.83,450.0
2026-09-23T21:00:01-03:00,30C,148,Greninja ex (#148/128),Greninja ex,249.0,339.66,999.99
2026-09-23T21:00:01-03:00,30C,149,Pikachu ex (#149/128),Pikachu ex,690.0,841.58,1290.9
2026-09-23T21:00:01-03:00,30C,150,Pikachu ex (#150/128),Pikachu ex,760.0,857.98,1199.9
2026-09-23T21:00:01-03:00,30C,151,Mewtwo ex (#151/128),Mewtwo ex,699.0,1075.46,2999.99
2026-09-23T21:00:01-03:00,30C,152,Mew ex (#152/128),Mew ex,990.0,1507.28,5000.0
2026-09-23T21:00:01-03:00,30C,153,Sylveon ex (#153/128),Sylveon ex,480.0,729.14,3500.0
2026-09-23T21:00:01-03:00,30C,154,Gengar ex (#154/128),Gengar ex,798.98,1348.63,2200.0
2026-09-23T21:00:01-03:00,30C,155,Jirachi ex (#155/128),Jirachi ex,349.99,501.2,1199.0
2026-09-23T21:00:01-03:00,30C,156,Salamence ex (#156/128),Salamence ex,169.98,266.68,299.99
2026-09-23T21:00:01-03:00,30C,157,Mewtwo ex (#157/128),Mewtwo ex,590.0,748.33,1695.0
2026-09-23T21:00:01-03:00,30C,158,Mew ex (#158/128),Mew ex,750.0,1088.19,5000.0
2026-09-23T21:00:01-03:00,30C-C,004,Charizard (#004/30),Charizard,1449.9,2333.04,5000.0
2026-09-23T21:00:01-03:00,30C-C,005,Delcatty (#005/30),Delcatty,69.9,111.93,220.0
2026-09-23T21:00:01-03:00,30C-C,011,Metagross (#011/30),Metagross,99.97,156.46,300.0
2026-09-23T21:00:01-03:00,30C-C,011b,Genesect-EX (#011b/30),Genesect-EX,69.9,133.89,199.0
2026-09-23T21:00:01-03:00,30C-C,018,Misty (#018/30),Misty,119.0,157.53,229.0
2026-09-23T21:00:01-03:00,30C-C,019,Dark Tyranitar (#019/30),Tyranitar Sombrio,149.5,214.29,500.0
2026-09-23T21:00:01-03:00,30C-C,025,Sneasel (#025/30),Sneasel,55.99,110.45,500.0
2026-09-23T21:00:01-03:00,30C-C,033,Pikachu & Zekrom-GX (#033/30),Pikachu e Zekrom-GX,199.9,358.74,400.0
2026-09-23T21:00:01-03:00,30C-C,041,Greninja BREAK (#041/30),Greninja TURBO,83.99,104.87,149.89
2026-09-23T21:00:01-03:00,30C-C,043,Uxie (#043/30),Uxie,59.9,102.08,169.9
2026-09-23T21:00:01-03:00,30C-C,047,Crobat G (#047/30),Crobat G,51.29,245.33,360.0
2026-09-23T21:00:01-03:00,30C-C,050,Raikou (#050/30),Raikou,54.99,143.55,500.0
2026-09-23T21:00:01-03:00,30C-C,057,Buzzwole-GX (#057/30),Buzzwole-GX,60.0,88.55,149.5
2026-09-23T21:00:01-03:00,30C-C,058,Pikachu (#058/30),Pikachu,242.0,308.06,399.0
2026-09-23T21:00:01-03:00,30C-C,069,Erika's Jigglypuff (#069/30),Jigglypuff da Érica,132.0,164.84,199.9
2026-09-23T21:00:01-03:00,30C-C,085,Rayquaza-EX (#085/30),Rayquaza-EX,149.9,254.47,500.0
2026-09-23T21:00:01-03:00,30C-C,089,Solgaleo-GX (#089/30),Solgaleo-GX,65.0,124.43,199.0
2026-09-23T21:00:01-03:00,30C-C,094,Gengar (#094/30),Gengar,449.99,725.51,1299.9
2026-09-23T21:00:01-03:00,30C-C,099,Darkrai & Cresselia LEGEND (#099/30),Darkrai & Cresselia LENDA,199.5,282.62,310.8
2026-09-23T21:00:01-03:00,30C-C,100,Darkrai & Cresselia LEGEND (#100/30),Darkrai & Cresselia LENDA,189.9,248.76,354.3
2026-09-23T21:00:01-03:00,30C-C,101,N (#101/30),N,149.5,218.13,700.0
2026-09-23T21:00:01-03:00,30C-C,106,Palkia LV.X (#106/30),Palkia LV.X,149.9,393.43,550.0
2026-09-23T21:00:01-03:00,30C-C,106b,M Gardevoir-EX (#106b/30),M Gardevoir-EX,120.0,214.96,250.0
2026-09-23T21:00:01-03:00,30C-C,106c,Shining Celebi (#106c/30),Celebi Luminescente,379.0,616.27,1200.0
2026-09-23T21:00:01-03:00,30C-C,108,Scizor ex (#108/30),Scizor ex,94.99,135.56,150.0
2026-09-23T21:00:01-03:00,30C-C,114,Mew-VMAX (#114/30),Mew-VMAX,135.0,196.81,229.9
2026-09-23T21:00:01-03:00,30C-C,123,Arceus-VSTAR (#123/30),Arceus-V-ASTRO,699.0,840.27,900.0
2026-09-23T21:00:01-03:00,30C-C,138,Zacian-V (#138/30),Zacian-V,200.0,289.92,450.0
2026-09-23T21:00:01-03:00,30C-C,149,Lugia (#149/30),Lugia,1499.0,1923.67,2449.9
2026-09-23T21:00:01-03:00,30C-C,203,Magikarp (#203/30),Magikarp,685.0,823.82,999.99
2026-09-24T20:00:01-03:00,30C,001,Exeggcute (#001/128),Exeggcute,0.97,1.78,5.9
2026-09-24T20:00:01-03:00,30C,002,Alolan Exeggutor (#002/128),Exeggutor de Alola,1.9,2.66,5.9
2026-09-24T20:00:01-03:00,30C,003,Volbeat (#003/128),Volbeat,0.92,2.16,5.9
2026-09-24T20:00:01-03:00,30C,004,Illumise (#004/128),Illumise,0.92,1.98,5.9
2026-09-24T20:00:01-03:00,30C,005,Tropius (#005/128),Tropius,0.72,1.64,7.0
2026-09-24T20:00:01-03:00,30C,006,Cherubi (#006/128),Cherubi,0.72,1.67,5.9
2026-09-24T20:00:01-03:00,30C,007,Cherrim (#007/128),Cherrim,0.82,1.82,5.9
2026-09-24T20:00:01-03:00,30C,008,Vivillon (#008/128),Vivillon,1.0,2.1,5.9
2026-09-24T20:00:01-03:00,30C,009,Vulpix (#009/128),Vulpix,0.92,1.95,9.9
2026-09-24T20:00:01-03:00,30C,010,Ninetales (#010/128),Ninetales,1.0,2.58,5.9
2026-09-24T20:00:01-03:00,30C,011,Moltres (#011/128),Moltres,1.9,4.97,14.9
2026-09-24T20:00:01-03:00,30C,012,Ho-Oh (#012/128),Ho-Oh,1.85,4.77,9.9
2026-09-24T20:00:01-03:00,30C,013,Victini (#013/128),Victini,0.97,2.77,9.9
2026-09-24T20:00:01-03:00,30C,014,Reshiram (#014/128),Reshiram,0.94,2.51,8.9
2026-09-24T20:00:01-03:00,30C,015,Fuecoco ex (#015/128),Fuecoco ex,4.9,9.76,39.9
2026-09-24T20:00:01-03:00,30C,016,Slowpoke (#016/128),Slowpoke,0.97,2.86,11.9
2026-09-24T20:00:01-03:00,30C,017,Lapras (#017/128),Lapras,1.38,3.26,19.9
2026-09-24T20:00:01-03:00,30C,018,Articuno (#018/128),Articuno,1.9,6.19,34.9
2026-09-24T20:00:01-03:00,30C,019,Kyogre (#019/128),Kyogre,0.96,5.51,9.9
2026-09-24T20:00:01-03:00,30C,020,Palkia (#020/128),Palkia,1.49,3.3,9.9
2026-09-24T20:00:01-03:00,30C,021,Greninja ex (#021/128),Greninja ex,9.5,17.15,39.9
2026-09-24T20:00:01-03:00,30C,022,Wishiwashi (#022/128),Wishiwashi,0.96,1.86,5.9
2026-09-24T20:00:01-03:00,30C,023,Pikachu (#023/128),Pikachu,9.5,17.45,39.9
2026-09-24T20:00:01-03:00,30C,024,Pikachu (#024/128),Pikachu,8.05,18.14,39.9
2026-09-24T20:00:01-03:00,30C,025,Pikachu (#025/128),Pikachu,7.89,18.11,39.9
2026-09-24T20:00:01-03:00,30C,026,Pikachu (#026/128),Pikachu,9.5,21.2,59.9
2026-09-24T20:00:01-03:00,30C,027,Pikachu (#027/128),Pikachu,9.5,30.28,69.89
2026-09-24T20:00:01-03:00,30C,028,Pikachu (#028/128),Pikachu,9.5,26.64,99.9
2026-09-24T20:00:01-03:00,30C,029,Pikachu (#029/128),Pikachu,9.5,24.24,59.99
2026-09-24T20:00:01-03:00,30C,030,Pikachu (#030/128),Pikachu,8.9,17.43,39.9
2026-09-24T20:00:01-03:00,30C,031,Pikachu (#031/128),Pikachu,8.46,18.65,39.9
2026-09-24T20:00:01-03:00,30C,032,Pikachu (#032/128),Pikachu,14.25,50.63,89.9
2026-09-24T20:00:01-03:00,30C,033,Pikachu (#033/128),Pikachu,8.16,17.34,39.9
2026-09-24T20:00:01-03:00,30C,034,Pikachu (#034/128),Pikachu,9.5,63.85,99.9
2026-09-24T20:00:01-03:00,30C,035,Pikachu (#035/128),Pikachu,11.96,22.37,39.9
2026-09-24T20:00:01-03:00,30C,036,Pikachu (#036/128),Pikachu,9.5,27.02,89.9
2026-09-24T20:00:01-03:00,30C,037,Pikachu (#037/128),Pikachu,7.67,26.0,79.9
2026-09-24T20:00:01-03:00,30C,038,Pikachu (#038/128),Pikachu,9.5,23.02,99.9
2026-09-24T20:00:01-03:00,30C,039,Pikachu (#039/128),Pikachu,9.5,24.08,39.9
2026-09-24T20:00:01-03:00,30C,040,Pikachu (#040/128),Pikachu,9.5,48.14,94.9
2026-09-24T20:00:01-03:00,30C,041,Pikachu (#041/128),Pikachu,9.5,17.46,39.9
2026-09-24T20:00:01-03:00,30C,042,Pikachu (#042/128),Pikachu,9.38,17.99,39.9
2026-09-24T20:00:01-03:00,30C,043,Pikachu (#043/128),Pikachu,9.5,21.86,39.9
2026-09-24T20:00:01-03:00,30C,044,Pikachu (#044/128),Pikachu,10.92,22.93,39.9
2026-09-24T20:00:01-03:00,30C,045,Pikachu (#045/128),Pikachu,7.31,18.9,89.9
2026-09-24T20:00:01-03:00,30C,046,Pikachu (#046/128),Pikachu,8.46,18.97,39.9
2026-09-24T20:00:01-03:00,30C,047,Pikachu (#047/128),Pikachu,8.95,17.18,39.9
2026-09-24T20:00:01-03:00,30C,048,Pikachu (#048/128),Pikachu,9.5,22.17,99.9
2026-09-24T20:00:01-03:00,30C,049,Pikachu (#049/128),Pikachu,9.5,18.93,39.9
2026-09-24T20:00:01-03:00,30C,050,Pikachu (#050/128),Pikachu,9.5,26.5,99.9
2026-09-24T20:00:01-03:00,30C,051,Pikachu (#051/128),Pikachu,8.89,18.72,39.9
2026-09-24T20:00:01-03:00,30C,052,Pikachu (#052/128),Pikachu,8.81,21.04,99.9
2026-09-24T20:00:01-03:00,30C,053,Pikachu ex (#053/128),Pikachu ex,15.9,28.7,51.9
2026-09-24T20:00:01-03:00,30C,054,Pikachu ex (#054/128),Pikachu ex,18.95,29.22,51.9
2026-09-24T20:00:01-03:00,30C,055,Zapdos (#055/128),Zapdos,1.65,3.99,14.9
2026-09-24T20:00:01-03:00,30C,056,Zekrom (#056/128),Zekrom,0.96,2.65,14.9
2026-09-24T20:00:01-03:00,30C,057,Zeraora (#057/128),Zeraora,1.0,2.72,7.0
2026-09-24T20:00:01-03:00,30C,058,Toxel (#058/128),Toxel,0.96,1.87,5.9
2026-09-24T20:00:01-03:00,30C,059,Toxtricity (#059/128),Toxtricity,0.97,2.29,5.9
2026-09-24T20:00:01-03:00,30C,060,Toxtricity (#060/128),Toxtricity,0.99,2.55,5.9
2026-09-24T20:00:01-03:00,30C,061,Morpeko (#061/128),Morpeko,0.96,2.42,5.9
2026-09-24T20:00:01-03:00,30C,062,Miraidon (#062/128),Miraidon,0.94,2.22,5.9
2026-09-24T20:00:01-03:00,30C,063,Mewtwo (#063/128),Mewtwo,2.18,9.24,29.9
2026-09-24T20:00:01-03:00,30C,064,Mewtwo ex (#064/128),Mewtwo ex,9.5,18.56,34.99
2026-09-24T20:00:01-03:00,30C,065,Mew (#065/128),Mew,5.63,12.02,49.9
2026-09-24T20:00:01-03:00,30C,066,Mew ex (#066/128),Mew ex,66.5,97.94,119.9
2026-09-24T20:00:01-03:00,30C,067,Marill (#067/128),Marill,0.97,1.92,5.9
2026-09-24T20:00:01-03:00,30C,068,Azumarill (#068/128),Azumarill,0.97,2.08,5.9
2026-09-24T20:00:01-03:00,30C,069,Espeon (#069/128),Espeon,3.0,13.78,39.9
2026-09-24T20:00:01-03:00,30C,070,Espeon ex (#070/128),Espeon ex,15.0,24.87,30.0
2026-09-24T20:00:01-03:00,30C,071,Sylveon ex (#071/128),Sylveon ex,9.5,20.88,49.5
2026-09-24T20:00:01-03:00,30C,072,Unown (#072/128),Unown,1.49,4.29,16.9
2026-09-24T20:00:01-03:00,30C,073,Drifloon (#073/128),Drifloon,0.87,1.71,5.9
2026-09-24T20:00:01-03:00,30C,074,Cresselia (#074/128),Cresselia,0.77,2.25,5.9
2026-09-24T20:00:01-03:00,30C,075,Chandelure (#075/128),Chandelure,0.99,2.55,39.99
2026-09-24T20:00:01-03:00,30C,076,Xerneas (#076/128),Xerneas,0.97,2.43,6.9
2026-09-24T20:00:01-03:00,30C,077,Comfey (#077/128),Comfey,0.78,1.76,5.9
2026-09-24T20:00:01-03:00,30C,078,Cosmog (#078/128),Cosmog,0.85,1.85,5.9
2026-09-24T20:00:01-03:00,30C,079,Cosmoem (#079/128),Cosmoem,0.87,2.23,5.9
2026-09-24T20:00:01-03:00,30C,080,Lunala (#080/128),Lunala,0.97,3.67,6.9
2026-09-24T20:00:01-03:00,30C,081,Gimmighoul (#081/128),Gimmighoul,0.96,1.94,5.9
2026-09-24T20:00:01-03:00,30C,082,Groudon (#082/128),Groudon,0.77,2.71,9.9
2026-09-24T20:00:01-03:00,30C,083,Lucario (#083/128),Lucario,1.33,3.06,9.99
2026-09-24T20:00:01-03:00,30C,084,Seismitoad (#084/128),Seismitoad,0.97,2.02,5.9
2026-09-24T20:00:01-03:00,30C,085,Lycanroc (#085/128),Lycanroc,0.94,2.8,23.99
2026-09-24T20:00:01-03:00,30C,086,Koraidon (#086/128),Koraidon,0.98,2.93,6.9
2026-09-24T20:00:01-03:00,30C,087,Nidoran Female (#087/128),Nidoran Fêmea,0.9,1.51,5.9
2026-09-24T20:00:01-03:00,30C,088,Nidorina (#088/128),Nidorina,0.85,1.92,9.9
2026-09-24T20:00:01-03:00,30C,089,Alolan Meowth (#089/128),Meowth de Alola,0.87,2.16,5.9
2026-09-24T20:00:01-03:00,30C,090,Gengar ex (#090/128),Gengar ex,19.0,37.04,65.0
2026-09-24T20:00:01-03:00,30C,091,Umbreon (#091/128),Umbreon,5.0,21.74,49.9
2026-09-24T20:00:01-03:00,30C,092,Umbreon ex (#092/128),Umbreon ex,19.0,30.6,50.0
2026-09-24T20:00:01-03:00,30C,093,Murkrow (#093/128),Murkrow,0.96,1.96,5.9
2026-09-24T20:00:01-03:00,30C,094,Scraggy (#094/128),Scraggy,0.77,1.99,5.9
2026-09-24T20:00:01-03:00,30C,095,Zorua (#095/128),Zorua,1.0,3.1,5.9
2026-09-24T20:00:01-03:00,30C,096,Zoroark (#096/128),Zoroark,0.87,2.87,9.9
2026-09-24T20:00:01-03:00,30C,097,Deino (#097/128),Deino,0.72,1.86,5.9
2026-09-24T20:00:01-03:00,30C,098,Zweilous (#098/128),Zweilous,0.97,2.18,5.9
2026-09-24T20:00:01-03:00,30C,099,Hydreigon (#099/128),Hydreigon,0.98,2.57,9.9
2026-09-24T20:00:01-03:00,30C,100,Yveltal (#100/128),Yveltal,0.99,3.85,6.9
2026-09-24T20:00:01-03:00,30C,101,Galarian Meowth (#101/128),Meowth de Galar,1.0,2.11,9.9
2026-09-24T20:00:01-03:00,30C,102,Jirachi ex (#102/128),Jirachi ex,4.9,13.4,22.0
2026-09-24T20:00:01-03:00,30C,103,Dialga (#103/128),Dialga,0.97,3.15,9.89
2026-09-24T20:00:01-03:00,30C,104,Ferrothorn (#104/128),Ferrothorn,0.87,2.65,5.9
2026-09-24T20:00:01-03:00,30C,105,Solgaleo (#105/128),Solgaleo,0.92,2.43,6.9
2026-09-24T20:00:01-03:00,30C,106,Zacian (#106/128),Zacian,0.97,3.57,11.9
2026-09-24T20:00:01-03:00,30C,107,Zamazenta (#107/128),Zamazenta,0.97,2.58,9.9
2026-09-24T20:00:01-03:00,30C,108,Gholdengo (#108/128),Gholdengo,0.87,2.29,9.9
2026-09-24T20:00:01-03:00,30C,109,Salamence ex (#109/128),Salamence ex,5.9,11.2,19.9
2026-09-24T20:00:01-03:00,30C,110,Jangmo-o (#110/128),Jangmo-o,0.97,1.88,5.9
2026-09-24T20:00:01-03:00,30C,111,Hakamo-o (#111/128),Hakamo-o,0.97,1.91,5.9
2026-09-24T20:00:01-03:00,30C,112,Kommo-o (#112/128),Kommo-o,0.96,2.18,5.9
2026-09-24T20:00:01-03:00,30C,113,Meowth (#113/128),Meowth,1.02,2.46,10.9
2026-09-24T20:00:01-03:00,30C,114,Kangaskhan (#114/128),Kangaskhan,0.97,2.15,10.9
2026-09-24T20:00:01-03:00,30C,115,Ditto (#115/128),Ditto,1.5,10.17,19.9
2026-09-24T20:00:01-03:00,30C,116,Eevee (#116/128),Eevee,2.0,5.51,19.9
2026-09-24T20:00:01-03:00,30C,117,Eevee (#117/128),Eevee,2.5,9.61,19.9
2026-09-24T20:00:01-03:00,30C,118,Eevee (#118/128),Eevee,2.0,9.25,19.9
2026-09-24T20:00:01-03:00,30C,119,Snorlax (#119/128),Snorlax,1.5,6.06,35.0
2026-09-24T20:00:01-03:00,30C,120,Igglybuff (#120/128),Igglybuff,1.9,8.67,19.9
2026-09-24T20:00:01-03:00,30C,121,Lugia (#121/128),Lugia,2.5,8.17,16.9
2026-09-24T20:00:01-03:00,30C,122,Hisuian Zorua (#122/128),Zorua de Hisui,0.92,2.09,10.9
2026-09-24T20:00:01-03:00,30C,123,Hisuian Zoroark (#123/128),Zoroark de Hisui,0.97,3.0,10.9
2026-09-24T20:00:01-03:00,30C,124,Minior (#124/128),Minior,0.92,1.89,7.0
2026-09-24T20:00:01-03:00,30C,125,Maushold (#125/128),Maushold,1.49,4.21,11.9
2026-09-24T20:00:01-03:00,30C,126,Poké Pad (#126/128),Poké Tablet,7.0,15.68,29.9
2026-09-24T20:00:01-03:00,30C,127,Switch (#127/128),Substituição,1.48,5.18,14.9
2026-09-24T20:00:01-03:00,30C,128,Ultra Ball (#128/128),Ultra Bola,5.5,9.56,24.99
2026-09-24T20:00:01-03:00,30C,129,Alolan Exeggutor (#129/128),Exeggutor de Alola,19.0,47.45,99.89
2026-09-24T20:00:01-03:00,30C,130,Moltres (#130/128),Moltres,72.0,90.84,249.99
2026-09-24T20:00:01-03:00,30C,131,Lapras (#131/128),Lapras,76.0,105.1,225.0
2026-09-24T20:00:01-03:00,30C,132,Articuno (#132/128),Articuno,76.0,119.73,499.9
2026-09-24T20:00:01-03:00,30C,133,Zapdos (#133/128),Zapdos,65.0,120.08,149.9
2026-09-24T20:00:01-03:00,30C,134,Toxtricity (#134/128),Toxtricity,29.9,44.36,69.99
2026-09-24T20:00:01-03:00,30C,135,Morpeko (#135/128),Morpeko,47.5,96.59,200.0
2026-09-24T20:00:01-03:00,30C,136,Drifloon (#136/128),Drifloon,28.5,65.39,249.9
2026-09-24T20:00:01-03:00,30C,137,Chandelure (#137/128),Chandelure,30.0,53.88,109.89
2026-09-24T20:00:01-03:00,30C,138,Lycanroc (#138/128),Lycanroc,19.0,32.6,49.9
2026-09-24T20:00:01-03:00,30C,139,Alolan Meowth (#139/128),Meowth de Alola,65.0,96.03,179.9
2026-09-24T20:00:01-03:00,30C,140,Scraggy (#140/128),Scraggy,18.0,30.74,99.9
2026-09-24T20:00:01-03:00,30C,141,Galarian Meowth (#141/128),Meowth de Galar,78.99,113.74,249.9
2026-09-24T20:00:01-03:00,30C,142,Gholdengo (#142/128),Gholdengo,22.0,32.78,89.9
2026-09-24T20:00:01-03:00,30C,143,Kommo-o (#143/128),Kommo-o,19.0,40.59,219.9
2026-09-24T20:00:01-03:00,30C,144,Meowth (#144/128),Meowth,94.9,144.37,330.0
2026-09-24T20:00:01-03:00,30C,145,Hisuian Zorua (#145/128),Zorua de Hisui,52.25,75.42,150.0
2026-09-24T20:00:01-03:00,30C,146,Maushold (#146/128),Maushold,129.9,252.49,400.0
2026-09-24T20:00:01-03:00,30C,147,Fuecoco ex (#147/128),Fuecoco ex,128.0,201.04,450.0
2026-09-24T20:00:01-03:00,30C,148,Greninja ex (#148/128),Greninja ex,200.0,299.23,999.99
2026-09-24T20:00:01-03:00,30C,149,Pikachu ex (#149/128),Pikachu ex,626.28,829.28,1289.99
2026-09-24T20:00:01-03:00,30C,150,Pikachu ex (#150/128),Pikachu ex,759.0,852.16,1199.9
2026-09-24T20:00:01-03:00,30C,151,Mewtwo ex (#151/128),Mewtwo ex,560.0,1005.2,2999.99
2026-09-24T20:00:01-03:00,30C,152,Mew ex (#152/128),Mew ex,750.0,1270.83,5000.0
2026-09-24T20:00:01-03:00,30C,153,Sylveon ex (#153/128),Sylveon ex,450.0,704.3,3500.0
2026-09-24T20:00:01-03:00,30C,154,Gengar ex (#154/128),Gengar ex,797.0,1337.31,2200.0
2026-09-24T20:00:01-03:00,30C,155,Jirachi ex (#155/128),Jirachi ex,344.9,488.61,1199.0
2026-09-24T20:00:01-03:00,30C,156,Salamence ex (#156/128),Salamence ex,149.95,231.38,299.0
2026-09-24T20:00:01-03:00,30C,157,Mewtwo ex (#157/128),Mewtwo ex,578.0,734.28,1695.0
2026-09-24T20:00:01-03:00,30C,158,Mew ex (#158/128),Mew ex,775.0,1048.51,5000.0
2026-09-24T20:00:01-03:00,30C-C,004,Charizard (#004/30),Charizard,1448.9,2280.38,5000.0
2026-09-24T20:00:01-03:00,30C-C,005,Delcatty (#005/30),Delcatty,59.99,104.98,220.0
2026-09-24T20:00:01-03:00,30C-C,011,Metagross (#011/30),Metagross,99.97,130.55,300.0
2026-09-24T20:00:01-03:00,30C-C,011b,Genesect-EX (#011b/30),Genesect-EX,69.0,111.32,199.0
2026-09-24T20:00:01-03:00,30C-C,018,Misty (#018/30),Misty,105.0,154.25,229.0
2026-09-24T20:00:01-03:00,30C-C,019,Dark Tyranitar (#019/30),Tyranitar Sombrio,140.0,206.3,500.0
2026-09-24T20:00:01-03:00,30C-C,025,Sneasel (#025/30),Sneasel,55.99,101.4,500.0
2026-09-24T20:00:01-03:00,30C-C,033,Pikachu & Zekrom-GX (#033/30),Pikachu e Zekrom-GX,199.9,368.56,400.0
2026-09-24T20:00:01-03:00,30C-C,041,Greninja BREAK (#041/30),Greninja TURBO,84.9,122.62,199.99
2026-09-24T20:00:01-03:00,30C-C,043,Uxie (#043/30),Uxie,49.99,96.58,169.9
2026-09-24T20:00:01-03:00,30C-C,047,Crobat G (#047/30),Crobat G,56.12,247.06,360.0
2026-09-24T20:00:01-03:00,30C-C,050,Raikou (#050/30),Raikou,49.9,128.56,500.0
2026-09-24T20:00:01-03:00,30C-C,057,Buzzwole-GX (#057/30),Buzzwole-GX,49.9,88.01,149.5
2026-09-24T20:00:01-03:00,30C-C,058,Pikachu (#058/30),Pikachu,229.0,308.85,399.0
2026-09-24T20:00:01-03:00,30C-C,069,Erika's Jigglypuff (#069/30),Jigglypuff da Érica,98.0,154.25,199.9
2026-09-24T20:00:01-03:00,30C-C,085,Rayquaza-EX (#085/30),Rayquaza-EX,140.0,209.58,299.9
2026-09-24T20:00:01-03:00,30C-C,089,Solgaleo-GX (#089/30),Solgaleo-GX,65.0,112.57,199.0
2026-09-24T20:00:01-03:00,30C-C,094,Gengar (#094/30),Gengar,430.0,722.65,1299.9
2026-09-24T20:00:01-03:00,30C-C,099,Darkrai & Cresselia LEGEND (#099/30),Darkrai & Cresselia LENDA,180.0,272.04,299.9
2026-09-24T20:00:01-03:00,30C-C,100,Darkrai & Cresselia LEGEND (#100/30),Darkrai & Cresselia LENDA,170.05,228.77,299.9
2026-09-24T20:00:01-03:00,30C-C,101,N (#101/30),N,149.0,210.83,700.0
2026-09-24T20:00:01-03:00,30C-C,106,Palkia LV.X (#106/30),Palkia LV.X,200.0,392.37,550.0
2026-09-24T20:00:01-03:00,30C-C,106b,M Gardevoir-EX (#106b/30),M Gardevoir-EX,120.0,220.94,250.0
2026-09-24T20:00:01-03:00,30C-C,106c,Shining Celebi (#106c/30),Celebi Luminescente,299.0,571.32,1200.0
2026-09-24T20:00:01-03:00,30C-C,108,Scizor ex (#108/30),Scizor ex,90.0,135.35,150.0
2026-09-24T20:00:01-03:00,30C-C,114,Mew-VMAX (#114/30),Mew-VMAX,135.0,198.32,229.9
2026-09-24T20:00:01-03:00,30C-C,123,Arceus-VSTAR (#123/30),Arceus-V-ASTRO,499.5,703.64,849.99
2026-09-24T20:00:01-03:00,30C-C,138,Zacian-V (#138/30),Zacian-V,190.0,266.65,450.0
2026-09-24T20:00:01-03:00,30C-C,149,Lugia (#149/30),Lugia,949.05,1751.97,2449.9
2026-09-24T20:00:01-03:00,30C-C,203,Magikarp (#203/30),Magikarp,660.0,779.57,999.99
2026-09-25T14:00:01-03:00,30C,001,Exeggcute (#001/128),Exeggcute,0.97,1.73,4.9
2026-09-25T14:00:01-03:00,30C,002,Alolan Exeggutor (#002/128),Exeggutor de Alola,1.8,2.39,6.99
2026-09-25T14:00:01-03:00,30C,003,Volbeat (#003/128),Volbeat,0.97,2.06,4.9
2026-09-25T14:00:01-03:00,30C,004,Illumise (#004/128),Illumise,0.91,1.88,4.99
2026-09-25T14:00:01-03:00,30C,005,Tropius (#005/128),Tropius,0.71,1.61,7.0
2026-09-25T14:00:01-03:00,30C,006,Cherubi (#006/128),Cherubi,0.7,1.64,4.9
2026-09-25T14:00:01-03:00,30C,007,Cherrim (#007/128),Cherrim,0.8,1.77,4.9
2026-09-25T14:00:01-03:00,30C,008,Vivillon (#008/128),Vivillon,0.87,1.92,5.9
2026-09-25T14:00:01-03:00,30C,009,Vulpix (#009/128),Vulpix,0.9,1.9,9.9
2026-09-25T14:00:01-03:00,30C,010,Ninetales (#010/128),Ninetales,1.0,2.36,4.9
2026-09-25T14:00:01-03:00,30C,011,Moltres (#011/128),Moltres,1.89,4.97,14.9
2026-09-25T14:00:01-03:00,30C,012,Ho-Oh (#012/128),Ho-Oh,1.85,4.85,9.9
2026-09-25T14:00:01-03:00,30C,013,Victini (#013/128),Victini,1.02,2.74,9.9
2026-09-25T14:00:01-03:00,30C,014,Reshiram (#014/128),Reshiram,0.93,2.59,8.9
2026-09-25T14:00:01-03:00,30C,015,Fuecoco ex (#015/128),Fuecoco ex,4.89,9.95,39.9
2026-09-25T14:00:01-03:00,30C,016,Slowpoke (#016/128),Slowpoke,0.97,2.75,11.9
2026-09-25T14:00:01-03:00,30C,017,Lapras (#017/128),Lapras,1.35,3.18,19.9
2026-09-25T14:00:01-03:00,30C,018,Articuno (#018/128),Articuno,1.9,5.36,34.9
2026-09-25T14:00:01-03:00,30C,019,Kyogre (#019/128),Kyogre,0.95,4.41,9.9
2026-09-25T14:00:01-03:00,30C,020,Palkia (#020/128),Palkia,1.48,3.06,9.9
2026-09-25T14:00:01-03:00,30C,021,Greninja ex (#021/128),Greninja ex,9.0,16.56,39.9
2026-09-25T14:00:01-03:00,30C,022,Wishiwashi (#022/128),Wishiwashi,0.92,1.79,5.0
2026-09-25T14:00:01-03:00,30C,023,Pikachu (#023/128),Pikachu,8.5,16.07,29.9
2026-09-25T14:00:01-03:00,30C,024,Pikachu (#024/128),Pikachu,7.0,17.64,26.9
2026-09-25T14:00:01-03:00,30C,025,Pikachu (#025/128),Pikachu,7.0,15.95,26.9
2026-09-25T14:00:01-03:00,30C,026,Pikachu (#026/128),Pikachu,8.0,16.08,59.9
2026-09-25T14:00:01-03:00,30C,027,Pikachu (#027/128),Pikachu,9.0,29.6,69.89
2026-09-25T14:00:01-03:00,30C,028,Pikachu (#028/128),Pikachu,10.0,25.78,99.9
2026-09-25T14:00:01-03:00,30C,029,Pikachu (#029/128),Pikachu,9.0,22.0,59.99
2026-09-25T14:00:01-03:00,30C,030,Pikachu (#030/128),Pikachu,8.0,17.47,29.9
2026-09-25T14:00:01-03:00,30C,031,Pikachu (#031/128),Pikachu,8.0,18.21,30.0
2026-09-25T14:00:01-03:00,30C,032,Pikachu (#032/128),Pikachu,10.0,48.96,89.9
2026-09-25T14:00:01-03:00,30C,033,Pikachu (#033/128),Pikachu,8.0,14.88,27.99
2026-09-25T14:00:01-03:00,30C,034,Pikachu (#034/128),Pikachu,8.0,36.51,99.9
2026-09-25T14:00:01-03:00,30C,035,Pikachu (#035/128),Pikachu,8.0,18.51,38.99
2026-09-25T14:00:01-03:00,30C,036,Pikachu (#036/128),Pikachu,8.0,17.89,89.9
2026-09-25T14:00:01-03:00,30C,037,Pikachu (#037/128),Pikachu,6.5,20.08,79.9
2026-09-25T14:00:01-03:00,30C,038,Pikachu (#038/128),Pikachu,8.0,16.74,99.9
2026-09-25T14:00:01-03:00,30C,039,Pikachu (#039/128),Pikachu,8.0,22.59,39.9
2026-09-25T14:00:01-03:00,30C,040,Pikachu (#040/128),Pikachu,8.0,45.93,94.9
2026-09-25T14:00:01-03:00,30C,041,Pikachu (#041/128),Pikachu,8.0,14.19,39.9
2026-09-25T14:00:01-03:00,30C,042,Pikachu (#042/128),Pikachu,8.0,17.38,28.9
2026-09-25T14:00:01-03:00,30C,043,Pikachu (#043/128),Pikachu,9.0,17.71,31.9
2026-09-25T14:00:01-03:00,30C,044,Pikachu (#044/128),Pikachu,9.0,17.27,34.9
2026-09-25T14:00:01-03:00,30C,045,Pikachu (#045/128),Pikachu,8.0,18.32,89.9
2026-09-25T14:00:01-03:00,30C,046,Pikachu (#046/128),Pikachu,8.9,14.83,39.9
2026-09-25T14:00:01-03:00,30C,047,Pikachu (#047/128),Pikachu,8.94,16.38,29.9
2026-09-25T14:00:01-03:00,30C,048,Pikachu (#048/128),Pikachu,8.9,21.15,99.9
2026-09-25T14:00:01-03:00,30C,049,Pikachu (#049/128),Pikachu,9.0,17.68,29.9
2026-09-25T14:00:01-03:00,30C,050,Pikachu (#050/128),Pikachu,9.0,45.72,99.9
2026-09-25T14:00:01-03:00,30C,051,Pikachu (#051/128),Pikachu,9.0,18.5,29.9
2026-09-25T14:00:01-03:00,30C,052,Pikachu (#052/128),Pikachu,9.0,19.47,99.9
2026-09-25T14:00:01-03:00,30C,053,Pikachu ex (#053/128),Pikachu ex,14.9,25.18,51.9
2026-09-25T14:00:01-03:00,30C,054,Pikachu ex (#054/128),Pikachu ex,18.94,28.48,51.9
2026-09-25T14:00:01-03:00,30C,055,Zapdos (#055/128),Zapdos,1.5,4.02,14.9
2026-09-25T14:00:01-03:00,30C,056,Zekrom (#056/128),Zekrom,0.95,2.68,14.9
2026-09-25T14:00:01-03:00,30C,057,Zeraora (#057/128),Zeraora,1.0,2.85,7.0
2026-09-25T14:00:01-03:00,30C,058,Toxel (#058/128),Toxel,0.95,1.75,4.9
2026-09-25T14:00:01-03:00,30C,059,Toxtricity (#059/128),Toxtricity,0.97,2.03,5.9
2026-09-25T14:00:01-03:00,30C,060,Toxtricity (#060/128),Toxtricity,0.97,2.48,5.9
2026-09-25T14:00:01-03:00,30C,061,Morpeko (#061/128),Morpeko,0.95,2.36,4.9
2026-09-25T14:00:01-03:00,30C,062,Miraidon (#062/128),Miraidon,1.0,2.13,5.9
2026-09-25T14:00:01-03:00,30C,063,Mewtwo (#063/128),Mewtwo,2.0,8.68,29.9
2026-09-25T14:00:01-03:00,30C,064,Mewtwo ex (#064/128),Mewtwo ex,7.9,16.97,34.99
2026-09-25T14:00:01-03:00,30C,065,Mew (#065/128),Mew,5.0,11.14,49.9
2026-09-25T14:00:01-03:00,30C,066,Mew ex (#066/128),Mew ex,66.0,96.21,119.9
2026-09-25T14:00:01-03:00,30C,067,Marill (#067/128),Marill,0.96,1.9,4.9
2026-09-25T14:00:01-03:00,30C,068,Azumarill (#068/128),Azumarill,0.96,1.97,4.99
2026-09-25T14:00:01-03:00,30C,069,Espeon (#069/128),Espeon,3.0,10.14,39.9
2026-09-25T14:00:01-03:00,30C,070,Espeon ex (#070/128),Espeon ex,11.0,22.47,30.0
2026-09-25T14:00:01-03:00,30C,071,Sylveon ex (#071/128),Sylveon ex,9.49,21.44,49.5
2026-09-25T14:00:01-03:00,30C,072,Unown (#072/128),Unown,1.49,3.88,14.9
2026-09-25T14:00:01-03:00,30C,073,Drifloon (#073/128),Drifloon,0.86,1.74,5.9
2026-09-25T14:00:01-03:00,30C,074,Cresselia (#074/128),Cresselia,0.76,2.18,5.9
2026-09-25T14:00:01-03:00,30C,075,Chandelure (#075/128),Chandelure,0.98,2.38,39.99
2026-09-25T14:00:01-03:00,30C,076,Xerneas (#076/128),Xerneas,0.97,2.43,6.9
2026-09-25T14:00:01-03:00,30C,077,Comfey (#077/128),Comfey,0.77,1.74,5.9
2026-09-25T14:00:01-03:00,30C,078,Cosmog (#078/128),Cosmog,0.84,1.85,5.9
2026-09-25T14:00:01-03:00,30C,079,Cosmoem (#079/128),Cosmoem,0.86,2.32,5.9
2026-09-25T14:00:01-03:00,30C,080,Lunala (#080/128),Lunala,0.97,3.44,6.9
2026-09-25T14:00:01-03:00,30C,081,Gimmighoul (#081/128),Gimmighoul,0.95,1.89,5.9
2026-09-25T14:00:01-03:00,30C,082,Groudon (#082/128),Groudon,0.97,2.68,9.9
2026-09-25T14:00:01-03:00,30C,083,Lucario (#083/128),Lucario,1.49,3.01,9.99
2026-09-25T14:00:01-03:00,30C,084,Seismitoad (#084/128),Seismitoad,0.96,1.97,5.9
2026-09-25T14:00:01-03:00,30C,085,Lycanroc (#085/128),Lycanroc,0.94,2.68,23.99
2026-09-25T14:00:01-03:00,30C,086,Koraidon (#086/128),Koraidon,0.97,2.96,6.9
2026-09-25T14:00:01-03:00,30C,087,Nidoran Female (#087/128),Nidoran Fêmea,0.9,1.45,5.9
2026-09-25T14:00:01-03:00,30C,088,Nidorina (#088/128),Nidorina,0.84,1.91,9.9
2026-09-25T14:00:01-03:00,30C,089,Alolan Meowth (#089/128),Meowth de Alola,0.97,2.27,6.99
2026-09-25T14:00:01-03:00,30C,090,Gengar ex (#090/128),Gengar ex,19.0,35.67,58.0
2026-09-25T14:00:01-03:00,30C,091,Umbreon (#091/128),Umbreon,5.0,21.46,49.9
2026-09-25T14:00:01-03:00,30C,092,Umbreon ex (#092/128),Umbreon ex,17.0,28.24,44.9
2026-09-25T14:00:01-03:00,30C,093,Murkrow (#093/128),Murkrow,0.95,1.85,5.9
2026-09-25T14:00:01-03:00,30C,094,Scraggy (#094/128),Scraggy,0.76,1.87,5.9
2026-09-25T14:00:01-03:00,30C,095,Zorua (#095/128),Zorua,0.99,3.06,5.9
2026-09-25T14:00:01-03:00,30C,096,Zoroark (#096/128),Zoroark,0.98,3.15,9.9
2026-09-25T14:00:01-03:00,30C,097,Deino (#097/128),Deino,0.71,1.88,5.9
2026-09-25T14:00:01-03:00,30C,098,Zweilous (#098/128),Zweilous,0.87,2.19,5.9
2026-09-25T14:00:01-03:00,30C,099,Hydreigon (#099/128),Hydreigon,0.98,2.48,9.9
2026-09-25T14:00:01-03:00,30C,100,Yveltal (#100/128),Yveltal,0.98,4.03,6.9
2026-09-25T14:00:01-03:00,30C,101,Galarian Meowth (#101/128),Meowth de Galar,1.0,2.06,9.9
2026-09-25T14:00:01-03:00,30C,102,Jirachi ex (#102/128),Jirachi ex,4.89,13.35,22.0
2026-09-25T14:00:01-03:00,30C,103,Dialga (#103/128),Dialga,0.96,3.09,8.9
2026-09-25T14:00:01-03:00,30C,104,Ferrothorn (#104/128),Ferrothorn,0.87,1.83,3.99
2026-09-25T14:00:01-03:00,30C,105,Solgaleo (#105/128),Solgaleo,0.97,2.49,6.9
2026-09-25T14:00:01-03:00,30C,106,Zacian (#106/128),Zacian,0.97,3.6,11.9
2026-09-25T14:00:01-03:00,30C,107,Zamazenta (#107/128),Zamazenta,0.95,2.61,9.9
2026-09-25T14:00:01-03:00,30C,108,Gholdengo (#108/128),Gholdengo,0.97,2.36,9.9
2026-09-25T14:00:01-03:00,30C,109,Salamence ex (#109/128),Salamence ex,5.0,11.12,19.9
2026-09-25T14:00:01-03:00,30C,110,Jangmo-o (#110/128),Jangmo-o,0.97,1.8,4.99
2026-09-25T14:00:01-03:00,30C,111,Hakamo-o (#111/128),Hakamo-o,0.96,1.74,4.9
2026-09-25T14:00:01-03:00,30C,112,Kommo-o (#112/128),Kommo-o,0.95,2.16,5.9
2026-09-25T14:00:01-03:00,30C,113,Meowth (#113/128),Meowth,1.0,2.52,10.9
2026-09-25T14:00:01-03:00,30C,114,Kangaskhan (#114/128),Kangaskhan,0.97,2.09,10.9
2026-09-25T14:00:01-03:00,30C,115,Ditto (#115/128),Ditto,1.72,9.39,19.9
2026-09-25T14:00:01-03:00,30C,116,Eevee (#116/128),Eevee,2.0,7.21,19.9
2026-09-25T14:00:01-03:00,30C,117,Eevee (#117/128),Eevee,2.5,9.81,19.9
2026-09-25T14:00:01-03:00,30C,118,Eevee (#118/128),Eevee,2.0,9.24,19.9
2026-09-25T14:00:01-03:00,30C,119,Snorlax (#119/128),Snorlax,1.72,5.25,35.0
2026-09-25T14:00:01-03:00,30C,120,Igglybuff (#120/128),Igglybuff,1.89,8.25,19.9
2026-09-25T14:00:01-03:00,30C,121,Lugia (#121/128),Lugia,2.49,7.5,14.9
2026-09-25T14:00:01-03:00,30C,122,Hisuian Zorua (#122/128),Zorua de Hisui,0.97,2.04,10.9
2026-09-25T14:00:01-03:00,30C,123,Hisuian Zoroark (#123/128),Zoroark de Hisui,0.97,2.94,10.9
2026-09-25T14:00:01-03:00,30C,124,Minior (#124/128),Minior,0.95,2.15,7.0
2026-09-25T14:00:01-03:00,30C,125,Maushold (#125/128),Maushold,1.48,6.11,11.9
2026-09-25T14:00:01-03:00,30C,126,Poké Pad (#126/128),Poké Tablet,6.99,17.18,29.9
2026-09-25T14:00:01-03:00,30C,127,Switch (#127/128),Substituição,1.48,4.91,14.9
2026-09-25T14:00:01-03:00,30C,128,Ultra Ball (#128/128),Ultra Bola,5.89,10.19,24.99
2026-09-25T14:00:01-03:00,30C,129,Alolan Exeggutor (#129/128),Exeggutor de Alola,34.0,46.31,69.9
2026-09-25T14:00:01-03:00,30C,130,Moltres (#130/128),Moltres,70.0,88.66,249.99
2026-09-25T14:00:01-03:00,30C,131,Lapras (#131/128),Lapras,75.0,103.06,225.0
2026-09-25T14:00:01-03:00,30C,132,Articuno (#132/128),Articuno,74.9,113.9,499.9
2026-09-25T14:00:01-03:00,30C,133,Zapdos (#133/128),Zapdos,65.0,119.84,149.9
2026-09-25T14:00:01-03:00,30C,134,Toxtricity (#134/128),Toxtricity,28.9,42.21,69.99
2026-09-25T14:00:01-03:00,30C,135,Morpeko (#135/128),Morpeko,44.5,82.27,200.0
2026-09-25T14:00:01-03:00,30C,136,Drifloon (#136/128),Drifloon,25.0,63.22,249.9
2026-09-25T14:00:01-03:00,30C,137,Chandelure (#137/128),Chandelure,27.5,45.3,109.89
2026-09-25T14:00:01-03:00,30C,138,Lycanroc (#138/128),Lycanroc,19.0,32.24,40.0
2026-09-25T14:00:01-03:00,30C,139,Alolan Meowth (#139/128),Meowth de Alola,65.0,96.56,179.9
2026-09-25T14:00:01-03:00,30C,140,Scraggy (#140/128),Scraggy,17.0,27.5,99.9
2026-09-25T14:00:01-03:00,30C,141,Galarian Meowth (#141/128),Meowth de Galar,70.0,111.32,249.9
2026-09-25T14:00:01-03:00,30C,142,Gholdengo (#142/128),Gholdengo,22.0,32.76,69.89
2026-09-25T14:00:01-03:00,30C,143,Kommo-o (#143/128),Kommo-o,15.0,37.93,219.9
2026-09-25T14:00:01-03:00,30C,144,Meowth (#144/128),Meowth,94.0,145.5,330.0
2026-09-25T14:00:01-03:00,30C,145,Hisuian Zorua (#145/128),Zorua de Hisui,50.0,69.2,150.0
2026-09-25T14:00:01-03:00,30C,146,Maushold (#146/128),Maushold,119.9,244.32,400.0
2026-09-25T14:00:01-03:00,30C,147,Fuecoco ex (#147/128),Fuecoco ex,144.5,200.83,450.0
2026-09-25T14:00:01-03:00,30C,148,Greninja ex (#148/128),Greninja ex,200.0,298.88,999.99
2026-09-25T14:00:01-03:00,30C,149,Pikachu ex (#149/128),Pikachu ex,600.0,823.61,1289.99
2026-09-25T14:00:01-03:00,30C,150,Pikachu ex (#150/128),Pikachu ex,699.0,845.47,1199.9
2026-09-25T14:00:01-03:00,30C,151,Mewtwo ex (#151/128),Mewtwo ex,549.9,995.57,2999.99
2026-09-25T14:00:01-03:00,30C,152,Mew ex (#152/128),Mew ex,750.0,1241.83,5000.0
2026-09-25T14:00:01-03:00,30C,153,Sylveon ex (#153/128),Sylveon ex,429.9,664.34,3500.0
2026-09-25T14:00:01-03:00,30C,154,Gengar ex (#154/128),Gengar ex,690.0,1326.62,2200.0
2026-09-25T14:00:01-03:00,30C,155,Jirachi ex (#155/128),Jirachi ex,340.0,498.86,1199.0
2026-09-25T14:00:01-03:00,30C,156,Salamence ex (#156/128),Salamence ex,139.0,229.93,299.99
2026-09-25T14:00:01-03:00,30C,157,Mewtwo ex (#157/128),Mewtwo ex,530.0,717.95,1695.0
2026-09-25T14:00:01-03:00,30C,158,Mew ex (#158/128),Mew ex,750.0,1013.95,5000.0
2026-09-25T14:00:01-03:00,30C-C,004,Charizard (#004/30),Charizard,1349.0,1774.33,5000.0
2026-09-25T14:00:01-03:00,30C-C,005,Delcatty (#005/30),Delcatty,55.0,92.7,199.99
2026-09-25T14:00:01-03:00,30C-C,011,Metagross (#011/30),Metagross,80.0,125.59,300.0
2026-09-25T14:00:01-03:00,30C-C,011b,Genesect-EX (#011b/30),Genesect-EX,67.67,108.2,199.0
2026-09-25T14:00:01-03:00,30C-C,018,Misty (#018/30),Misty,95.0,142.76,229.0
2026-09-25T14:00:01-03:00,30C-C,019,Dark Tyranitar (#019/30),Tyranitar Sombrio,130.0,190.2,299.9
2026-09-25T14:00:01-03:00,30C-C,025,Sneasel (#025/30),Sneasel,55.0,97.85,500.0
2026-09-25T14:00:01-03:00,30C-C,033,Pikachu & Zekrom-GX (#033/30),Pikachu e Zekrom-GX,329.9,378.07,400.0
2026-09-25T14:00:01-03:00,30C-C,041,Greninja BREAK (#041/30),Greninja TURBO,79.9,108.07,199.99
2026-09-25T14:00:01-03:00,30C-C,043,Uxie (#043/30),Uxie,49.0,95.34,159.9
2026-09-25T14:00:01-03:00,30C-C,047,Crobat G (#047/30),Crobat G,50.0,226.59,360.0
2026-09-25T14:00:01-03:00,30C-C,050,Raikou (#050/30),Raikou,45.0,76.58,199.9
2026-09-25T14:00:01-03:00,30C-C,057,Buzzwole-GX (#057/30),Buzzwole-GX,45.0,84.01,149.5
2026-09-25T14:00:01-03:00,30C-C,058,Pikachu (#058/30),Pikachu,220.0,305.8,399.0
2026-09-25T14:00:01-03:00,30C-C,069,Erika's Jigglypuff (#069/30),Jigglypuff da Érica,95.0,144.08,198.89
2026-09-25T14:00:01-03:00,30C-C,085,Rayquaza-EX (#085/30),Rayquaza-EX,140.0,208.15,289.9
2026-09-25T14:00:01-03:00,30C-C,089,Solgaleo-GX (#089/30),Solgaleo-GX,65.0,112.57,199.0
2026-09-25T14:00:01-03:00,30C-C,094,Gengar (#094/30),Gengar,375.0,691.08,1299.0
2026-09-25T14:00:01-03:00,30C-C,099,Darkrai & Cresselia LEGEND (#099/30),Darkrai & Cresselia LENDA,175.0,267.17,299.9
2026-09-25T14:00:01-03:00,30C-C,100,Darkrai & Cresselia LEGEND (#100/30),Darkrai & Cresselia LENDA,170.0,213.32,289.9
2026-09-25T14:00:01-03:00,30C-C,101,N (#101/30),N,148.0,209.06,700.0
2026-09-25T14:00:01-03:00,30C-C,106,Palkia LV.X (#106/30),Palkia LV.X,190.0,387.45,550.0
2026-09-25T14:00:01-03:00,30C-C,106b,M Gardevoir-EX (#106b/30),M Gardevoir-EX,120.0,219.69,250.0
2026-09-25T14:00:01-03:00,30C-C,106c,Shining Celebi (#106c/30),Celebi Luminescente,285.0,530.76,1200.0
2026-09-25T14:00:01-03:00,30C-C,108,Scizor ex (#108/30),Scizor ex,90.0,131.97,150.0
2026-09-25T14:00:01-03:00,30C-C,114,Mew-VMAX (#114/30),Mew-VMAX,125.0,193.55,229.9
2026-09-25T14:00:01-03:00,30C-C,123,Arceus-VSTAR (#123/30),Arceus-V-ASTRO,469.9,635.3,849.99
2026-09-25T14:00:01-03:00,30C-C,138,Zacian-V (#138/30),Zacian-V,99.9,246.94,450.0
2026-09-25T14:00:01-03:00,30C-C,149,Lugia (#149/30),Lugia,875.0,1634.21,2449.9
2026-09-25T14:00:01-03:00,30C-C,203,Magikarp (#203/30),Magikarp,550.0,723.12,999.99
2026-09-25T15:00:01-03:00,30C,001,Exeggcute (#001/128),Exeggcute,0.97,1.73,4.9
2026-09-25T15:00:01-03:00,30C,002,Alolan Exeggutor (#002/128),Exeggutor de Alola,1.8,2.39,6.99
2026-09-25T15:00:01-03:00,30C,003,Volbeat (#003/128),Volbeat,0.97,2.06,4.9
2026-09-25T15:00:01-03:00,30C,004,Illumise (#004/128),Illumise,0.91,1.88,4.99
2026-09-25T15:00:01-03:00,30C,005,Tropius (#005/128),Tropius,0.71,1.61,7.0
2026-09-25T15:00:01-03:00,30C,006,Cherubi (#006/128),Cherubi,0.7,1.64,4.9
2026-09-25T15:00:01-03:00,30C,007,Cherrim (#007/128),Cherrim,0.8,1.77,4.9
2026-09-25T15:00:01-03:00,30C,008,Vivillon (#008/128),Vivillon,0.87,1.92,5.9
2026-09-25T15:00:01-03:00,30C,009,Vulpix (#009/128),Vulpix,0.9,1.9,9.9
2026-09-25T15:00:01-03:00,30C,010,Ninetales (#010/128),Ninetales,1.0,2.36,4.9
2026-09-25T15:00:01-03:00,30C,011,Moltres (#011/128),Moltres,1.89,4.97,14.9
2026-09-25T15:00:01-03:00,30C,012,Ho-Oh (#012/128),Ho-Oh,1.85,4.85,9.9
2026-09-25T15:00:01-03:00,30C,013,Victini (#013/128),Victini,1.02,2.74,9.9
2026-09-25T15:00:01-03:00,30C,014,Reshiram (#014/128),Reshiram,0.93,2.59,8.9
2026-09-25T15:00:01-03:00,30C,015,Fuecoco ex (#015/128),Fuecoco ex,4.89,9.95,39.9
2026-09-25T15:00:01-03:00,30C,016,Slowpoke (#016/128),Slowpoke,0.97,2.75,11.9
2026-09-25T15:00:01-03:00,30C,017,Lapras (#017/128),Lapras,1.35,3.18,19.9
2026-09-25T15:00:01-03:00,30C,018,Articuno (#018/128),Articuno,1.9,5.36,34.9
2026-09-25T15:00:01-03:00,30C,019,Kyogre (#019/128),Kyogre,0.95,4.41,9.9
2026-09-25T15:00:01-03:00,30C,020,Palkia (#020/128),Palkia,1.48,3.06,9.9
2026-09-25T15:00:01-03:00,30C,021,Greninja ex (#021/128),Greninja ex,9.0,16.56,39.9
2026-09-25T15:00:01-03:00,30C,022,Wishiwashi (#022/128),Wishiwashi,0.92,1.79,5.0
2026-09-25T15:00:01-03:00,30C,023,Pikachu (#023/128),Pikachu,8.5,16.07,29.9
2026-09-25T15:00:01-03:00,30C,024,Pikachu (#024/128),Pikachu,7.0,17.64,26.9
2026-09-25T15:00:01-03:00,30C,025,Pikachu (#025/128),Pikachu,7.0,15.95,26.9
2026-09-25T15:00:01-03:00,30C,026,Pikachu (#026/128),Pikachu,8.0,16.08,59.9
2026-09-25T15:00:01-03:00,30C,027,Pikachu (#027/128),Pikachu,9.0,29.6,69.89
2026-09-25T15:00:01-03:00,30C,028,Pikachu (#028/128),Pikachu,10.0,25.78,99.9
2026-09-25T15:00:01-03:00,30C,029,Pikachu (#029/128),Pikachu,9.0,22.0,59.99
2026-09-25T15:00:01-03:00,30C,030,Pikachu (#030/128),Pikachu,8.0,17.47,29.9
2026-09-25T15:00:01-03:00,30C,031,Pikachu (#031/128),Pikachu,8.0,18.21,30.0
2026-09-25T15:00:01-03:00,30C,032,Pikachu (#032/128),Pikachu,10.0,48.96,89.9
2026-09-25T15:00:01-03:00,30C,033,Pikachu (#033/128),Pikachu,8.0,14.88,27.99
2026-09-25T15:00:01-03:00,30C,034,Pikachu (#034/128),Pikachu,8.0,36.51,99.9
2026-09-25T15:00:01-03:00,30C,035,Pikachu (#035/128),Pikachu,8.0,18.51,38.99
2026-09-25T15:00:01-03:00,30C,036,Pikachu (#036/128),Pikachu,8.0,17.89,89.9
2026-09-25T15:00:01-03:00,30C,037,Pikachu (#037/128),Pikachu,6.5,20.08,79.9
2026-09-25T15:00:01-03:00,30C,038,Pikachu (#038/128),Pikachu,8.0,16.74,99.9
2026-09-25T15:00:01-03:00,30C,039,Pikachu (#039/128),Pikachu,8.0,22.59,39.9
2026-09-25T15:00:01-03:00,30C,040,Pikachu (#040/128),Pikachu,8.0,45.93,94.9
2026-09-25T15:00:01-03:00,30C,041,Pikachu (#041/128),Pikachu,8.0,14.19,39.9
2026-09-25T15:00:01-03:00,30C,042,Pikachu (#042/128),Pikachu,8.0,17.38,28.9
2026-09-25T15:00:01-03:00,30C,043,Pikachu (#043/128),Pikachu,9.0,17.71,31.9
2026-09-25T15:00:01-03:00,30C,044,Pikachu (#044/128),Pikachu,9.0,17.27,34.9
2026-09-25T15:00:01-03:00,30C,045,Pikachu (#045/128),Pikachu,8.0,18.32,89.9
2026-09-25T15:00:01-03:00,30C,046,Pikachu (#046/128),Pikachu,8.9,14.83,39.9
2026-09-25T15:00:01-03:00,30C,047,Pikachu (#047/128),Pikachu,8.94,16.38,29.9
2026-09-25T15:00:01-03:00,30C,048,Pikachu (#048/128),Pikachu,8.9,21.15,99.9
2026-09-25T15:00:01-03:00,30C,049,Pikachu (#049/128),Pikachu,9.0,17.68,29.9
2026-09-25T15:00:01-03:00,30C,050,Pikachu (#050/128),Pikachu,9.0,45.72,99.9
2026-09-25T15:00:01-03:00,30C,051,Pikachu (#051/128),Pikachu,9.0,18.5,29.9
2026-09-25T15:00:01-03:00,30C,052,Pikachu (#052/128),Pikachu,9.0,19.47,99.9
2026-09-25T15:00:01-03:00,30C,053,Pikachu ex (#053/128),Pikachu ex,14.9,25.18,51.9
2026-09-25T15:00:01-03:00,30C,054,Pikachu ex (#054/128),Pikachu ex,18.94,28.48,51.9
2026-09-25T15:00:01-03:00,30C,055,Zapdos (#055/128),Zapdos,1.5,4.02,14.9
2026-09-25T15:00:01-03:00,30C,056,Zekrom (#056/128),Zekrom,0.95,2.68,14.9
2026-09-25T15:00:01-03:00,30C,057,Zeraora (#057/128),Zeraora,1.0,2.85,7.0
2026-09-25T15:00:01-03:00,30C,058,Toxel (#058/128),Toxel,0.95,1.75,4.9
2026-09-25T15:00:01-03:00,30C,059,Toxtricity (#059/128),Toxtricity,0.97,2.03,5.9
2026-09-25T15:00:01-03:00,30C,060,Toxtricity (#060/128),Toxtricity,0.97,2.48,5.9
2026-09-25T15:00:01-03:00,30C,061,Morpeko (#061/128),Morpeko,0.95,2.36,4.9
2026-09-25T15:00:01-03:00,30C,062,Miraidon (#062/128),Miraidon,1.0,2.13,5.9
2026-09-25T15:00:01-03:00,30C,063,Mewtwo (#063/128),Mewtwo,2.0,8.68,29.9
2026-09-25T15:00:01-03:00,30C,064,Mewtwo ex (#064/128),Mewtwo ex,7.9,16.97,34.99
2026-09-25T15:00:01-03:00,30C,065,Mew (#065/128),Mew,5.0,11.14,49.9
2026-09-25T15:00:01-03:00,30C,066,Mew ex (#066/128),Mew ex,66.0,96.21,119.9
2026-09-25T15:00:01-03:00,30C,067,Marill (#067/128),Marill,0.96,1.9,4.9
2026-09-25T15:00:01-03:00,30C,068,Azumarill (#068/128),Azumarill,0.96,1.97,4.99
2026-09-25T15:00:01-03:00,30C,069,Espeon (#069/128),Espeon,3.0,10.14,39.9
2026-09-25T15:00:01-03:00,30C,070,Espeon ex (#070/128),Espeon ex,11.0,22.47,30.0
2026-09-25T15:00:01-03:00,30C,071,Sylveon ex (#071/128),Sylveon ex,9.49,21.44,49.5
2026-09-25T15:00:01-03:00,30C,072,Unown (#072/128),Unown,1.49,3.88,14.9
2026-09-25T15:00:01-03:00,30C,073,Drifloon (#073/128),Drifloon,0.86,1.74,5.9
2026-09-25T15:00:01-03:00,30C,074,Cresselia (#074/128),Cresselia,0.76,2.18,5.9
2026-09-25T15:00:01-03:00,30C,075,Chandelure (#075/128),Chandelure,0.98,2.38,39.99
2026-09-25T15:00:01-03:00,30C,076,Xerneas (#076/128),Xerneas,0.97,2.43,6.9
2026-09-25T15:00:01-03:00,30C,077,Comfey (#077/128),Comfey,0.77,1.74,5.9
2026-09-25T15:00:01-03:00,30C,078,Cosmog (#078/128),Cosmog,0.84,1.85,5.9
2026-09-25T15:00:01-03:00,30C,079,Cosmoem (#079/128),Cosmoem,0.86,2.32,5.9
2026-09-25T15:00:01-03:00,30C,080,Lunala (#080/128),Lunala,0.97,3.44,6.9
2026-09-25T15:00:01-03:00,30C,081,Gimmighoul (#081/128),Gimmighoul,0.95,1.89,5.9
2026-09-25T15:00:01-03:00,30C,082,Groudon (#082/128),Groudon,0.97,2.68,9.9
2026-09-25T15:00:01-03:00,30C,083,Lucario (#083/128),Lucario,1.49,3.01,9.99
2026-09-25T15:00:01-03:00,30C,084,Seismitoad (#084/128),Seismitoad,0.96,1.97,5.9
2026-09-25T15:00:01-03:00,30C,085,Lycanroc (#085/128),Lycanroc,0.94,2.68,23.99
2026-09-25T15:00:01-03:00,30C,086,Koraidon (#086/128),Koraidon,0.97,2.96,6.9
2026-09-25T15:00:01-03:00,30C,087,Nidoran Female (#087/128),Nidoran Fêmea,0.9,1.45,5.9
2026-09-25T15:00:01-03:00,30C,088,Nidorina (#088/128),Nidorina,0.84,1.91,9.9
2026-09-25T15:00:01-03:00,30C,089,Alolan Meowth (#089/128),Meowth de Alola,0.97,2.27,6.99
2026-09-25T15:00:01-03:00,30C,090,Gengar ex (#090/128),Gengar ex,19.0,35.67,58.0
2026-09-25T15:00:01-03:00,30C,091,Umbreon (#091/128),Umbreon,5.0,21.46,49.9
2026-09-25T15:00:01-03:00,30C,092,Umbreon ex (#092/128),Umbreon ex,17.0,28.24,44.9
2026-09-25T15:00:01-03:00,30C,093,Murkrow (#093/128),Murkrow,0.95,1.85,5.9
2026-09-25T15:00:01-03:00,30C,094,Scraggy (#094/128),Scraggy,0.76,1.87,5.9
2026-09-25T15:00:01-03:00,30C,095,Zorua (#095/128),Zorua,0.99,3.06,5.9
2026-09-25T15:00:01-03:00,30C,096,Zoroark (#096/128),Zoroark,0.98,3.15,9.9
2026-09-25T15:00:01-03:00,30C,097,Deino (#097/128),Deino,0.71,1.88,5.9
2026-09-25T15:00:01-03:00,30C,098,Zweilous (#098/128),Zweilous,0.87,2.19,5.9
2026-09-25T15:00:01-03:00,30C,099,Hydreigon (#099/128),Hydreigon,0.98,2.48,9.9
2026-09-25T15:00:01-03:00,30C,100,Yveltal (#100/128),Yveltal,0.98,4.03,6.9
2026-09-25T15:00:01-03:00,30C,101,Galarian Meowth (#101/128),Meowth de Galar,1.0,2.06,9.9
2026-09-25T15:00:01-03:00,30C,102,Jirachi ex (#102/128),Jirachi ex,4.89,13.35,22.0
2026-09-25T15:00:01-03:00,30C,103,Dialga (#103/128),Dialga,0.96,3.09,8.9
2026-09-25T15:00:01-03:00,30C,104,Ferrothorn (#104/128),Ferrothorn,0.87,1.83,3.99
2026-09-25T15:00:01-03:00,30C,105,Solgaleo (#105/128),Solgaleo,0.97,2.49,6.9
2026-09-25T15:00:01-03:00,30C,106,Zacian (#106/128),Zacian,0.97,3.6,11.9
2026-09-25T15:00:01-03:00,30C,107,Zamazenta (#107/128),Zamazenta,0.95,2.61,9.9
2026-09-25T15:00:01-03:00,30C,108,Gholdengo (#108/128),Gholdengo,0.97,2.36,9.9
2026-09-25T15:00:01-03:00,30C,109,Salamence ex (#109/128),Salamence ex,5.0,11.12,19.9
2026-09-25T15:00:01-03:00,30C,110,Jangmo-o (#110/128),Jangmo-o,0.97,1.8,4.99
2026-09-25T15:00:01-03:00,30C,111,Hakamo-o (#111/128),Hakamo-o,0.96,1.74,4.9
2026-09-25T15:00:01-03:00,30C,112,Kommo-o (#112/128),Kommo-o,0.95,2.16,5.9
2026-09-25T15:00:01-03:00,30C,113,Meowth (#113/128),Meowth,1.0,2.52,10.9
2026-09-25T15:00:01-03:00,30C,114,Kangaskhan (#114/128),Kangaskhan,0.97,2.09,10.9
2026-09-25T15:00:01-03:00,30C,115,Ditto (#115/128),Ditto,1.72,9.39,19.9
2026-09-25T15:00:01-03:00,30C,116,Eevee (#116/128),Eevee,2.0,7.21,19.9
2026-09-25T15:00:01-03:00,30C,117,Eevee (#117/128),Eevee,2.5,9.81,19.9
2026-09-25T15:00:01-03:00,30C,118,Eevee (#118/128),Eevee,2.0,9.24,19.9
2026-09-25T15:00:01-03:00,30C,119,Snorlax (#119/128),Snorlax,1.72,5.25,35.0
2026-09-25T15:00:01-03:00,30C,120,Igglybuff (#120/128),Igglybuff,1.89,8.25,19.9
2026-09-25T15:00:01-03:00,30C,121,Lugia (#121/128),Lugia,2.49,7.5,14.9
2026-09-25T15:00:01-03:00,30C,122,Hisuian Zorua (#122/128),Zorua de Hisui,0.97,2.04,10.9
2026-09-25T15:00:01-03:00,30C,123,Hisuian Zoroark (#123/128),Zoroark de Hisui,0.97,2.94,10.9
2026-09-25T15:00:01-03:00,30C,124,Minior (#124/128),Minior,0.95,2.15,7.0
2026-09-25T15:00:01-03:00,30C,125,Maushold (#125/128),Maushold,1.48,6.11,11.9
2026-09-25T15:00:01-03:00,30C,126,Poké Pad (#126/128),Poké Tablet,6.99,17.18,29.9
2026-09-25T15:00:01-03:00,30C,127,Switch (#127/128),Substituição,1.48,4.91,14.9
2026-09-25T15:00:01-03:00,30C,128,Ultra Ball (#128/128),Ultra Bola,5.89,10.19,24.99
2026-09-25T15:00:01-03:00,30C,129,Alolan Exeggutor (#129/128),Exeggutor de Alola,34.0,46.31,69.9
2026-09-25T15:00:01-03:00,30C,130,Moltres (#130/128),Moltres,70.0,88.66,249.99
2026-09-25T15:00:01-03:00,30C,131,Lapras (#131/128),Lapras,75.0,103.06,225.0
2026-09-25T15:00:01-03:00,30C,132,Articuno (#132/128),Articuno,74.9,113.9,499.9
2026-09-25T15:00:01-03:00,30C,133,Zapdos (#133/128),Zapdos,65.0,119.84,149.9
2026-09-25T15:00:01-03:00,30C,134,Toxtricity (#134/128),Toxtricity,28.9,42.21,69.99
2026-09-25T15:00:01-03:00,30C,135,Morpeko (#135/128),Morpeko,44.5,82.27,200.0
2026-09-25T15:00:01-03:00,30C,136,Drifloon (#136/128),Drifloon,25.0,63.22,249.9
2026-09-25T15:00:01-03:00,30C,137,Chandelure (#137/128),Chandelure,27.5,45.3,109.89
2026-09-25T15:00:01-03:00,30C,138,Lycanroc (#138/128),Lycanroc,19.0,32.24,40.0
2026-09-25T15:00:01-03:00,30C,139,Alolan Meowth (#139/128),Meowth de Alola,65.0,96.56,179.9
2026-09-25T15:00:01-03:00,30C,140,Scraggy (#140/128),Scraggy,17.0,27.5,99.9
2026-09-25T15:00:01-03:00,30C,141,Galarian Meowth (#141/128),Meowth de Galar,70.0,111.32,249.9
2026-09-25T15:00:01-03:00,30C,142,Gholdengo (#142/128),Gholdengo,22.0,32.76,69.89
2026-09-25T15:00:01-03:00,30C,143,Kommo-o (#143/128),Kommo-o,15.0,37.93,219.9
2026-09-25T15:00:01-03:00,30C,144,Meowth (#144/128),Meowth,94.0,145.5,330.0
2026-09-25T15:00:01-03:00,30C,145,Hisuian Zorua (#145/128),Zorua de Hisui,50.0,69.2,150.0
2026-09-25T15:00:01-03:00,30C,146,Maushold (#146/128),Maushold,119.9,244.32,400.0
2026-09-25T15:00:01-03:00,30C,147,Fuecoco ex (#147/128),Fuecoco ex,144.5,200.83,450.0
2026-09-25T15:00:01-03:00,30C,148,Greninja ex (#148/128),Greninja ex,200.0,298.88,999.99
2026-09-25T15:00:01-03:00,30C,149,Pikachu ex (#149/128),Pikachu ex,600.0,823.61,1289.99
2026-09-25T15:00:01-03:00,30C,150,Pikachu ex (#150/128),Pikachu ex,699.0,845.47,1199.9
2026-09-25T15:00:01-03:00,30C,151,Mewtwo ex (#151/128),Mewtwo ex,549.9,995.57,2999.99
2026-09-25T15:00:01-03:00,30C,152,Mew ex (#152/128),Mew ex,750.0,1241.83,5000.0
2026-09-25T15:00:01-03:00,30C,153,Sylveon ex (#153/128),Sylveon ex,429.9,664.34,3500.0
2026-09-25T15:00:01-03:00,30C,154,Gengar ex (#154/128),Gengar ex,690.0,1326.62,2200.0
2026-09-25T15:00:01-03:00,30C,155,Jirachi ex (#155/128),Jirachi ex,340.0,498.86,1199.0
2026-09-25T15:00:01-03:00,30C,156,Salamence ex (#156/128),Salamence ex,139.0,229.93,299.99
2026-09-25T15:00:01-03:00,30C,157,Mewtwo ex (#157/128),Mewtwo ex,530.0,717.95,1695.0
2026-09-25T15:00:01-03:00,30C,158,Mew ex (#158/128),Mew ex,750.0,1013.95,5000.0
2026-09-25T15:00:01-03:00,30C-C,004,Charizard (#004/30),Charizard,1349.0,1774.33,5000.0
2026-09-25T15:00:01-03:00,30C-C,005,Delcatty (#005/30),Delcatty,55.0,92.7,199.99
2026-09-25T15:00:01-03:00,30C-C,011,Metagross (#011/30),Metagross,80.0,125.59,300.0
2026-09-25T15:00:01-03:00,30C-C,011b,Genesect-EX (#011b/30),Genesect-EX,67.67,108.2,199.0
2026-09-25T15:00:01-03:00,30C-C,018,Misty (#018/30),Misty,95.0,142.76,229.0
2026-09-25T15:00:01-03:00,30C-C,019,Dark Tyranitar (#019/30),Tyranitar Sombrio,130.0,190.2,299.9
2026-09-25T15:00:01-03:00,30C-C,025,Sneasel (#025/30),Sneasel,55.0,97.85,500.0
2026-09-25T15:00:01-03:00,30C-C,033,Pikachu & Zekrom-GX (#033/30),Pikachu e Zekrom-GX,329.9,378.07,400.0
2026-09-25T15:00:01-03:00,30C-C,041,Greninja BREAK (#041/30),Greninja TURBO,79.9,108.07,199.99
2026-09-25T15:00:01-03:00,30C-C,043,Uxie (#043/30),Uxie,49.0,95.34,159.9
2026-09-25T15:00:01-03:00,30C-C,047,Crobat G (#047/30),Crobat G,50.0,226.59,360.0
2026-09-25T15:00:01-03:00,30C-C,050,Raikou (#050/30),Raikou,45.0,76.58,199.9
2026-09-25T15:00:01-03:00,30C-C,057,Buzzwole-GX (#057/30),Buzzwole-GX,45.0,84.01,149.5
2026-09-25T15:00:01-03:00,30C-C,058,Pikachu (#058/30),Pikachu,220.0,305.8,399.0
2026-09-25T15:00:01-03:00,30C-C,069,Erika's Jigglypuff (#069/30),Jigglypuff da Érica,95.0,144.08,198.89
2026-09-25T15:00:01-03:00,30C-C,085,Rayquaza-EX (#085/30),Rayquaza-EX,140.0,208.15,289.9
2026-09-25T15:00:01-03:00,30C-C,089,Solgaleo-GX (#089/30),Solgaleo-GX,65.0,112.57,199.0
2026-09-25T15:00:01-03:00,30C-C,094,Gengar (#094/30),Gengar,375.0,691.08,1299.0
2026-09-25T15:00:01-03:00,30C-C,099,Darkrai & Cresselia LEGEND (#099/30),Darkrai & Cresselia LENDA,175.0,267.17,299.9
2026-09-25T15:00:01-03:00,30C-C,100,Darkrai & Cresselia LEGEND (#100/30),Darkrai & Cresselia LENDA,170.0,213.32,289.9
2026-09-25T15:00:01-03:00,30C-C,101,N (#101/30),N,148.0,209.06,700.0
2026-09-25T15:00:01-03:00,30C-C,106,Palkia LV.X (#106/30),Palkia LV.X,190.0,387.45,550.0
2026-09-25T15:00:01-03:00,30C-C,106b,M Gardevoir-EX (#106b/30),M Gardevoir-EX,120.0,219.69,250.0
2026-09-25T15:00:01-03:00,30C-C,106c,Shining Celebi (#106c/30),Celebi Luminescente,285.0,530.76,1200.0
2026-09-25T15:00:01-03:00,30C-C,108,Scizor ex (#108/30),Scizor ex,90.0,131.97,150.0
2026-09-25T15:00:01-03:00,30C-C,114,Mew-VMAX (#114/30),Mew-VMAX,125.0,193.55,229.9
2026-09-25T15:00:01-03:00,30C-C,123,Arceus-VSTAR (#123/30),Arceus-V-ASTRO,469.9,635.3,849.99
2026-09-25T15:00:01-03:00,30C-C,138,Zacian-V (#138/30),Zacian-V,99.9,246.94,450.0
2026-09-25T15:00:01-03:00,30C-C,149,Lugia (#149/30),Lugia,875.0,1634.21,2449.9
2026-09-25T15:00:01-03:00,30C-C,203,Magikarp (#203/30),Magikarp,550.0,723.12,999.99
2026-09-25T16:00:02-03:00,30C,001,Exeggcute (#001/128),Exeggcute,0.97,1.73,4.9
2026-09-25T16:00:02-03:00,30C,002,Alolan Exeggutor (#002/128),Exeggutor de Alola,1.8,2.39,6.99
2026-09-25T16:00:02-03:00,30C,003,Volbeat (#003/128),Volbeat,0.97,2.06,4.9
2026-09-25T16:00:02-03:00,30C,004,Illumise (#004/128),Illumise,0.91,1.88,4.99
2026-09-25T16:00:02-03:00,30C,005,Tropius (#005/128),Tropius,0.71,1.61,7.0
2026-09-25T16:00:02-03:00,30C,006,Cherubi (#006/128),Cherubi,0.7,1.64,4.9
2026-09-25T16:00:02-03:00,30C,007,Cherrim (#007/128),Cherrim,0.8,1.77,4.9
2026-09-25T16:00:02-03:00,30C,008,Vivillon (#008/128),Vivillon,0.87,1.92,5.9
2026-09-25T16:00:02-03:00,30C,009,Vulpix (#009/128),Vulpix,0.9,1.9,9.9
2026-09-25T16:00:02-03:00,30C,010,Ninetales (#010/128),Ninetales,1.0,2.36,4.9
2026-09-25T16:00:02-03:00,30C,011,Moltres (#011/128),Moltres,1.89,4.97,14.9
2026-09-25T16:00:02-03:00,30C,012,Ho-Oh (#012/128),Ho-Oh,1.85,4.85,9.9
2026-09-25T16:00:02-03:00,30C,013,Victini (#013/128),Victini,1.02,2.74,9.9
2026-09-25T16:00:02-03:00,30C,014,Reshiram (#014/128),Reshiram,0.93,2.59,8.9
2026-09-25T16:00:02-03:00,30C,015,Fuecoco ex (#015/128),Fuecoco ex,4.89,9.95,39.9
2026-09-25T16:00:02-03:00,30C,016,Slowpoke (#016/128),Slowpoke,0.97,2.75,11.9
2026-09-25T16:00:02-03:00,30C,017,Lapras (#017/128),Lapras,1.35,3.18,19.9
2026-09-25T16:00:02-03:00,30C,018,Articuno (#018/128),Articuno,1.9,5.36,34.9
2026-09-25T16:00:02-03:00,30C,019,Kyogre (#019/128),Kyogre,0.95,4.41,9.9
2026-09-25T16:00:02-03:00,30C,020,Palkia (#020/128),Palkia,1.48,3.06,9.9
2026-09-25T16:00:02-03:00,30C,021,Greninja ex (#021/128),Greninja ex,9.0,16.56,39.9
2026-09-25T16:00:02-03:00,30C,022,Wishiwashi (#022/128),Wishiwashi,0.92,1.79,5.0
2026-09-25T16:00:02-03:00,30C,023,Pikachu (#023/128),Pikachu,8.5,16.07,29.9
2026-09-25T16:00:02-03:00,30C,024,Pikachu (#024/128),Pikachu,7.0,17.64,26.9
2026-09-25T16:00:02-03:00,30C,025,Pikachu (#025/128),Pikachu,7.0,15.95,26.9
2026-09-25T16:00:02-03:00,30C,026,Pikachu (#026/128),Pikachu,8.0,16.08,59.9
2026-09-25T16:00:02-03:00,30C,027,Pikachu (#027/128),Pikachu,9.0,29.6,69.89
2026-09-25T16:00:02-03:00,30C,028,Pikachu (#028/128),Pikachu,10.0,25.78,99.9
2026-09-25T16:00:02-03:00,30C,029,Pikachu (#029/128),Pikachu,9.0,22.0,59.99
2026-09-25T16:00:02-03:00,30C,030,Pikachu (#030/128),Pikachu,8.0,17.47,29.9
2026-09-25T16:00:02-03:00,30C,031,Pikachu (#031/128),Pikachu,8.0,18.21,30.0
2026-09-25T16:00:02-03:00,30C,032,Pikachu (#032/128),Pikachu,10.0,48.96,89.9
2026-09-25T16:00:02-03:00,30C,033,Pikachu (#033/128),Pikachu,8.0,14.88,27.99
2026-09-25T16:00:02-03:00,30C,034,Pikachu (#034/128),Pikachu,8.0,36.51,99.9
2026-09-25T16:00:02-03:00,30C,035,Pikachu (#035/128),Pikachu,8.0,18.51,38.99
2026-09-25T16:00:02-03:00,30C,036,Pikachu (#036/128),Pikachu,8.0,17.89,89.9
2026-09-25T16:00:02-03:00,30C,037,Pikachu (#037/128),Pikachu,6.5,20.08,79.9
2026-09-25T16:00:02-03:00,30C,038,Pikachu (#038/128),Pikachu,8.0,16.74,99.9
2026-09-25T16:00:02-03:00,30C,039,Pikachu (#039/128),Pikachu,8.0,22.59,39.9
2026-09-25T16:00:02-03:00,30C,040,Pikachu (#040/128),Pikachu,8.0,45.93,94.9
2026-09-25T16:00:02-03:00,30C,041,Pikachu (#041/128),Pikachu,8.0,14.19,39.9
2026-09-25T16:00:02-03:00,30C,042,Pikachu (#042/128),Pikachu,8.0,17.38,28.9
2026-09-25T16:00:02-03:00,30C,043,Pikachu (#043/128),Pikachu,9.0,17.71,31.9
2026-09-25T16:00:02-03:00,30C,044,Pikachu (#044/128),Pikachu,9.0,17.27,34.9
2026-09-25T16:00:02-03:00,30C,045,Pikachu (#045/128),Pikachu,8.0,18.32,89.9
2026-09-25T16:00:02-03:00,30C,046,Pikachu (#046/128),Pikachu,8.9,14.83,39.9
2026-09-25T16:00:02-03:00,30C,047,Pikachu (#047/128),Pikachu,8.94,16.38,29.9
2026-09-25T16:00:02-03:00,30C,048,Pikachu (#048/128),Pikachu,8.9,21.15,99.9
2026-09-25T16:00:02-03:00,30C,049,Pikachu (#049/128),Pikachu,9.0,17.68,29.9
2026-09-25T16:00:02-03:00,30C,050,Pikachu (#050/128),Pikachu,9.0,45.72,99.9
2026-09-25T16:00:02-03:00,30C,051,Pikachu (#051/128),Pikachu,9.0,18.5,29.9
2026-09-25T16:00:02-03:00,30C,052,Pikachu (#052/128),Pikachu,9.0,19.47,99.9
2026-09-25T16:00:02-03:00,30C,053,Pikachu ex (#053/128),Pikachu ex,14.9,25.18,51.9
2026-09-25T16:00:02-03:00,30C,054,Pikachu ex (#054/128),Pikachu ex,18.94,28.48,51.9
2026-09-25T16:00:02-03:00,30C,055,Zapdos (#055/128),Zapdos,1.5,4.02,14.9
2026-09-25T16:00:02-03:00,30C,056,Zekrom (#056/128),Zekrom,0.95,2.68,14.9
2026-09-25T16:00:02-03:00,30C,057,Zeraora (#057/128),Zeraora,1.0,2.85,7.0
2026-09-25T16:00:02-03:00,30C,058,Toxel (#058/128),Toxel,0.95,1.75,4.9
2026-09-25T16:00:02-03:00,30C,059,Toxtricity (#059/128),Toxtricity,0.97,2.03,5.9
2026-09-25T16:00:02-03:00,30C,060,Toxtricity (#060/128),Toxtricity,0.97,2.48,5.9
2026-09-25T16:00:02-03:00,30C,061,Morpeko (#061/128),Morpeko,0.95,2.36,4.9
2026-09-25T16:00:02-03:00,30C,062,Miraidon (#062/128),Miraidon,1.0,2.13,5.9
2026-09-25T16:00:02-03:00,30C,063,Mewtwo (#063/128),Mewtwo,2.0,8.68,29.9
2026-09-25T16:00:02-03:00,30C,064,Mewtwo ex (#064/128),Mewtwo ex,7.9,16.97,34.99
2026-09-25T16:00:02-03:00,30C,065,Mew (#065/128),Mew,5.0,11.14,49.9
2026-09-25T16:00:02-03:00,30C,066,Mew ex (#066/128),Mew ex,66.0,96.21,119.9
2026-09-25T16:00:02-03:00,30C,067,Marill (#067/128),Marill,0.96,1.9,4.9
2026-09-25T16:00:02-03:00,30C,068,Azumarill (#068/128),Azumarill,0.96,1.97,4.99
2026-09-25T16:00:02-03:00,30C,069,Espeon (#069/128),Espeon,3.0,10.14,39.9
2026-09-25T16:00:02-03:00,30C,070,Espeon ex (#070/128),Espeon ex,11.0,22.47,30.0
2026-09-25T16:00:02-03:00,30C,071,Sylveon ex (#071/128),Sylveon ex,9.49,21.44,49.5
2026-09-25T16:00:02-03:00,30C,072,Unown (#072/128),Unown,1.49,3.88,14.9
2026-09-25T16:00:02-03:00,30C,073,Drifloon (#073/128),Drifloon,0.86,1.74,5.9
2026-09-25T16:00:02-03:00,30C,074,Cresselia (#074/128),Cresselia,0.76,2.18,5.9
2026-09-25T16:00:02-03:00,30C,075,Chandelure (#075/128),Chandelure,0.98,2.38,39.99
2026-09-25T16:00:02-03:00,30C,076,Xerneas (#076/128),Xerneas,0.97,2.43,6.9
2026-09-25T16:00:02-03:00,30C,077,Comfey (#077/128),Comfey,0.77,1.74,5.9
2026-09-25T16:00:02-03:00,30C,078,Cosmog (#078/128),Cosmog,0.84,1.85,5.9
2026-09-25T16:00:02-03:00,30C,079,Cosmoem (#079/128),Cosmoem,0.86,2.32,5.9
2026-09-25T16:00:02-03:00,30C,080,Lunala (#080/128),Lunala,0.97,3.44,6.9
2026-09-25T16:00:02-03:00,30C,081,Gimmighoul (#081/128),Gimmighoul,0.95,1.89,5.9
2026-09-25T16:00:02-03:00,30C,082,Groudon (#082/128),Groudon,0.97,2.68,9.9
2026-09-25T16:00:02-03:00,30C,083,Lucario (#083/128),Lucario,1.49,3.01,9.99
2026-09-25T16:00:02-03:00,30C,084,Seismitoad (#084/128),Seismitoad,0.96,1.97,5.9
2026-09-25T16:00:02-03:00,30C,085,Lycanroc (#085/128),Lycanroc,0.94,2.68,23.99
2026-09-25T16:00:02-03:00,30C,086,Koraidon (#086/128),Koraidon,0.97,2.96,6.9
2026-09-25T16:00:02-03:00,30C,087,Nidoran Female (#087/128),Nidoran Fêmea,0.9,1.45,5.9
2026-09-25T16:00:02-03:00,30C,088,Nidorina (#088/128),Nidorina,0.84,1.91,9.9
2026-09-25T16:00:02-03:00,30C,089,Alolan Meowth (#089/128),Meowth de Alola,0.97,2.27,6.99
2026-09-25T16:00:02-03:00,30C,090,Gengar ex (#090/128),Gengar ex,19.0,35.67,58.0
2026-09-25T16:00:02-03:00,30C,091,Umbreon (#091/128),Umbreon,5.0,21.46,49.9
2026-09-25T16:00:02-03:00,30C,092,Umbreon ex (#092/128),Umbreon ex,17.0,28.24,44.9
2026-09-25T16:00:02-03:00,30C,093,Murkrow (#093/128),Murkrow,0.95,1.85,5.9
2026-09-25T16:00:02-03:00,30C,094,Scraggy (#094/128),Scraggy,0.76,1.87,5.9
2026-09-25T16:00:02-03:00,30C,095,Zorua (#095/128),Zorua,0.99,3.06,5.9
2026-09-25T16:00:02-03:00,30C,096,Zoroark (#096/128),Zoroark,0.98,3.15,9.9
2026-09-25T16:00:02-03:00,30C,097,Deino (#097/128),Deino,0.71,1.88,5.9
2026-09-25T16:00:02-03:00,30C,098,Zweilous (#098/128),Zweilous,0.87,2.19,5.9
2026-09-25T16:00:02-03:00,30C,099,Hydreigon (#099/128),Hydreigon,0.98,2.48,9.9
2026-09-25T16:00:02-03:00,30C,100,Yveltal (#100/128),Yveltal,0.98,4.03,6.9
2026-09-25T16:00:02-03:00,30C,101,Galarian Meowth (#101/128),Meowth de Galar,1.0,2.06,9.9
2026-09-25T16:00:02-03:00,30C,102,Jirachi ex (#102/128),Jirachi ex,4.89,13.35,22.0
2026-09-25T16:00:02-03:00,30C,103,Dialga (#103/128),Dialga,0.96,3.09,8.9
2026-09-25T16:00:02-03:00,30C,104,Ferrothorn (#104/128),Ferrothorn,0.87,1.83,3.99
2026-09-25T16:00:02-03:00,30C,105,Solgaleo (#105/128),Solgaleo,0.97,2.49,6.9
2026-09-25T16:00:02-03:00,30C,106,Zacian (#106/128),Zacian,0.97,3.6,11.9
2026-09-25T16:00:02-03:00,30C,107,Zamazenta (#107/128),Zamazenta,0.95,2.61,9.9
2026-09-25T16:00:02-03:00,30C,108,Gholdengo (#108/128),Gholdengo,0.97,2.36,9.9
2026-09-25T16:00:02-03:00,30C,109,Salamence ex (#109/128),Salamence ex,5.0,11.12,19.9
2026-09-25T16:00:02-03:00,30C,110,Jangmo-o (#110/128),Jangmo-o,0.97,1.8,4.99
2026-09-25T16:00:02-03:00,30C,111,Hakamo-o (#111/128),Hakamo-o,0.96,1.74,4.9
2026-09-25T16:00:02-03:00,30C,112,Kommo-o (#112/128),Kommo-o,0.95,2.16,5.9
2026-09-25T16:00:02-03:00,30C,113,Meowth (#113/128),Meowth,1.0,2.52,10.9
2026-09-25T16:00:02-03:00,30C,114,Kangaskhan (#114/128),Kangaskhan,0.97,2.09,10.9
2026-09-25T16:00:02-03:00,30C,115,Ditto (#115/128),Ditto,1.72,9.39,19.9
2026-09-25T16:00:02-03:00,30C,116,Eevee (#116/128),Eevee,2.0,7.21,19.9
2026-09-25T16:00:02-03:00,30C,117,Eevee (#117/128),Eevee,2.5,9.81,19.9
2026-09-25T16:00:02-03:00,30C,118,Eevee (#118/128),Eevee,2.0,9.24,19.9
2026-09-25T16:00:02-03:00,30C,119,Snorlax (#119/128),Snorlax,1.72,5.25,35.0
2026-09-25T16:00:02-03:00,30C,120,Igglybuff (#120/128),Igglybuff,1.89,8.25,19.9
2026-09-25T16:00:02-03:00,30C,121,Lugia (#121/128),Lugia,2.49,7.5,14.9
2026-09-25T16:00:02-03:00,30C,122,Hisuian Zorua (#122/128),Zorua de Hisui,0.97,2.04,10.9
2026-09-25T16:00:02-03:00,30C,123,Hisuian Zoroark (#123/128),Zoroark de Hisui,0.97,2.94,10.9
2026-09-25T16:00:02-03:00,30C,124,Minior (#124/128),Minior,0.95,2.15,7.0
2026-09-25T16:00:02-03:00,30C,125,Maushold (#125/128),Maushold,1.48,6.11,11.9
2026-09-25T16:00:02-03:00,30C,126,Poké Pad (#126/128),Poké Tablet,6.99,17.18,29.9
2026-09-25T16:00:02-03:00,30C,127,Switch (#127/128),Substituição,1.48,4.91,14.9
2026-09-25T16:00:02-03:00,30C,128,Ultra Ball (#128/128),Ultra Bola,5.89,10.19,24.99
2026-09-25T16:00:02-03:00,30C,129,Alolan Exeggutor (#129/128),Exeggutor de Alola,34.0,46.31,69.9
2026-09-25T16:00:02-03:00,30C,130,Moltres (#130/128),Moltres,70.0,88.66,249.99
2026-09-25T16:00:02-03:00,30C,131,Lapras (#131/128),Lapras,75.0,103.06,225.0
2026-09-25T16:00:02-03:00,30C,132,Articuno (#132/128),Articuno,74.9,113.9,499.9
2026-09-25T16:00:02-03:00,30C,133,Zapdos (#133/128),Zapdos,65.0,119.84,149.9
2026-09-25T16:00:02-03:00,30C,134,Toxtricity (#134/128),Toxtricity,28.9,42.21,69.99
2026-09-25T16:00:02-03:00,30C,135,Morpeko (#135/128),Morpeko,44.5,82.27,200.0
2026-09-25T16:00:02-03:00,30C,136,Drifloon (#136/128),Drifloon,25.0,63.22,249.9
2026-09-25T16:00:02-03:00,30C,137,Chandelure (#137/128),Chandelure,27.5,45.3,109.89
2026-09-25T16:00:02-03:00,30C,138,Lycanroc (#138/128),Lycanroc,19.0,32.24,40.0
2026-09-25T16:00:02-03:00,30C,139,Alolan Meowth (#139/128),Meowth de Alola,65.0,96.56,179.9
2026-09-25T16:00:02-03:00,30C,140,Scraggy (#140/128),Scraggy,17.0,27.5,99.9
2026-09-25T16:00:02-03:00,30C,141,Galarian Meowth (#141/128),Meowth de Galar,70.0,111.32,249.9
2026-09-25T16:00:02-03:00,30C,142,Gholdengo (#142/128),Gholdengo,22.0,32.76,69.89
2026-09-25T16:00:02-03:00,30C,143,Kommo-o (#143/128),Kommo-o,15.0,37.93,219.9
2026-09-25T16:00:02-03:00,30C,144,Meowth (#144/128),Meowth,94.0,145.5,330.0
2026-09-25T16:00:02-03:00,30C,145,Hisuian Zorua (#145/128),Zorua de Hisui,50.0,69.2,150.0
2026-09-25T16:00:02-03:00,30C,146,Maushold (#146/128),Maushold,119.9,244.32,400.0
2026-09-25T16:00:02-03:00,30C,147,Fuecoco ex (#147/128),Fuecoco ex,144.5,200.83,450.0
2026-09-25T16:00:02-03:00,30C,148,Greninja ex (#148/128),Greninja ex,200.0,298.88,999.99
2026-09-25T16:00:02-03:00,30C,149,Pikachu ex (#149/128),Pikachu ex,600.0,823.61,1289.99
2026-09-25T16:00:02-03:00,30C,150,Pikachu ex (#150/128),Pikachu ex,699.0,845.47,1199.9
2026-09-25T16:00:02-03:00,30C,151,Mewtwo ex (#151/128),Mewtwo ex,549.9,995.57,2999.99
2026-09-25T16:00:02-03:00,30C,152,Mew ex (#152/128),Mew ex,750.0,1241.83,5000.0
2026-09-25T16:00:02-03:00,30C,153,Sylveon ex (#153/128),Sylveon ex,429.9,664.34,3500.0
2026-09-25T16:00:02-03:00,30C,154,Gengar ex (#154/128),Gengar ex,690.0,1326.62,2200.0
2026-09-25T16:00:02-03:00,30C,155,Jirachi ex (#155/128),Jirachi ex,340.0,498.86,1199.0
2026-09-25T16:00:02-03:00,30C,156,Salamence ex (#156/128),Salamence ex,139.0,229.93,299.99
2026-09-25T16:00:02-03:00,30C,157,Mewtwo ex (#157/128),Mewtwo ex,530.0,717.95,1695.0
2026-09-25T16:00:02-03:00,30C,158,Mew ex (#158/128),Mew ex,750.0,1013.95,5000.0
2026-09-25T16:00:02-03:00,30C-C,004,Charizard (#004/30),Charizard,1349.0,1774.33,5000.0
2026-09-25T16:00:02-03:00,30C-C,005,Delcatty (#005/30),Delcatty,55.0,92.7,199.99
2026-09-25T16:00:02-03:00,30C-C,011,Metagross (#011/30),Metagross,80.0,125.59,300.0
2026-09-25T16:00:02-03:00,30C-C,011b,Genesect-EX (#011b/30),Genesect-EX,67.67,108.2,199.0
2026-09-25T16:00:02-03:00,30C-C,018,Misty (#018/30),Misty,95.0,142.76,229.0
2026-09-25T16:00:02-03:00,30C-C,019,Dark Tyranitar (#019/30),Tyranitar Sombrio,130.0,190.2,299.9
2026-09-25T16:00:02-03:00,30C-C,025,Sneasel (#025/30),Sneasel,55.0,97.85,500.0
2026-09-25T16:00:02-03:00,30C-C,033,Pikachu & Zekrom-GX (#033/30),Pikachu e Zekrom-GX,329.9,378.07,400.0
2026-09-25T16:00:02-03:00,30C-C,041,Greninja BREAK (#041/30),Greninja TURBO,79.9,108.07,199.99
2026-09-25T16:00:02-03:00,30C-C,043,Uxie (#043/30),Uxie,49.0,95.34,159.9
2026-09-25T16:00:02-03:00,30C-C,047,Crobat G (#047/30),Crobat G,50.0,226.59,360.0
2026-09-25T16:00:02-03:00,30C-C,050,Raikou (#050/30),Raikou,45.0,76.58,199.9
2026-09-25T16:00:02-03:00,30C-C,057,Buzzwole-GX (#057/30),Buzzwole-GX,45.0,84.01,149.5
2026-09-25T16:00:02-03:00,30C-C,058,Pikachu (#058/30),Pikachu,220.0,305.8,399.0
2026-09-25T16:00:02-03:00,30C-C,069,Erika's Jigglypuff (#069/30),Jigglypuff da Érica,95.0,144.08,198.89
2026-09-25T16:00:02-03:00,30C-C,085,Rayquaza-EX (#085/30),Rayquaza-EX,140.0,208.15,289.9
2026-09-25T16:00:02-03:00,30C-C,089,Solgaleo-GX (#089/30),Solgaleo-GX,65.0,112.57,199.0
2026-09-25T16:00:02-03:00,30C-C,094,Gengar (#094/30),Gengar,375.0,691.08,1299.0
2026-09-25T16:00:02-03:00,30C-C,099,Darkrai & Cresselia LEGEND (#099/30),Darkrai & Cresselia LENDA,175.0,267.17,299.9
2026-09-25T16:00:02-03:00,30C-C,100,Darkrai & Cresselia LEGEND (#100/30),Darkrai & Cresselia LENDA,170.0,213.32,289.9
2026-09-25T16:00:02-03:00,30C-C,101,N (#101/30),N,148.0,209.06,700.0
2026-09-25T16:00:02-03:00,30C-C,106,Palkia LV.X (#106/30),Palkia LV.X,190.0,387.45,550.0
2026-09-25T16:00:02-03:00,30C-C,106b,M Gardevoir-EX (#106b/30),M Gardevoir-EX,120.0,219.69,250.0
2026-09-25T16:00:02-03:00,30C-C,106c,Shining Celebi (#106c/30),Celebi Luminescente,285.0,530.76,1200.0
2026-09-25T16:00:02-03:00,30C-C,108,Scizor ex (#108/30),Scizor ex,90.0,131.97,150.0
2026-09-25T16:00:02-03:00,30C-C,114,Mew-VMAX (#114/30),Mew-VMAX,125.0,193.55,229.9
2026-09-25T16:00:02-03:00,30C-C,123,Arceus-VSTAR (#123/30),Arceus-V-ASTRO,469.9,635.3,849.99
2026-09-25T16:00:02-03:00,30C-C,138,Zacian-V (#138/30),Zacian-V,99.9,246.94,450.0
2026-09-25T16:00:02-03:00,30C-C,149,Lugia (#149/30),Lugia,875.0,1634.21,2449.9
2026-09-25T16:00:02-03:00,30C-C,203,Magikarp (#203/30),Magikarp,550.0,723.12,999.99
2026-09-25T17:00:01-03:00,30C,001,Exeggcute (#001/128),Exeggcute,0.97,1.73,4.9
2026-09-25T17:00:01-03:00,30C,002,Alolan Exeggutor (#002/128),Exeggutor de Alola,1.8,2.39,6.99
2026-09-25T17:00:01-03:00,30C,003,Volbeat (#003/128),Volbeat,0.97,2.06,4.9
2026-09-25T17:00:01-03:00,30C,004,Illumise (#004/128),Illumise,0.91,1.88,4.99
2026-09-25T17:00:01-03:00,30C,005,Tropius (#005/128),Tropius,0.71,1.61,7.0
2026-09-25T17:00:01-03:00,30C,006,Cherubi (#006/128),Cherubi,0.7,1.64,4.9
2026-09-25T17:00:01-03:00,30C,007,Cherrim (#007/128),Cherrim,0.8,1.77,4.9
2026-09-25T17:00:01-03:00,30C,008,Vivillon (#008/128),Vivillon,0.87,1.92,5.9
2026-09-25T17:00:01-03:00,30C,009,Vulpix (#009/128),Vulpix,0.9,1.9,9.9
2026-09-25T17:00:01-03:00,30C,010,Ninetales (#010/128),Ninetales,1.0,2.36,4.9
2026-09-25T17:00:01-03:00,30C,011,Moltres (#011/128),Moltres,1.89,4.97,14.9
2026-09-25T17:00:01-03:00,30C,012,Ho-Oh (#012/128),Ho-Oh,1.85,4.85,9.9
2026-09-25T17:00:01-03:00,30C,013,Victini (#013/128),Victini,1.02,2.74,9.9
2026-09-25T17:00:01-03:00,30C,014,Reshiram (#014/128),Reshiram,0.93,2.59,8.9
2026-09-25T17:00:01-03:00,30C,015,Fuecoco ex (#015/128),Fuecoco ex,4.89,9.95,39.9
2026-09-25T17:00:01-03:00,30C,016,Slowpoke (#016/128),Slowpoke,0.97,2.75,11.9
2026-09-25T17:00:01-03:00,30C,017,Lapras (#017/128),Lapras,1.35,3.18,19.9
2026-09-25T17:00:01-03:00,30C,018,Articuno (#018/128),Articuno,1.9,5.36,34.9
2026-09-25T17:00:01-03:00,30C,019,Kyogre (#019/128),Kyogre,0.95,4.41,9.9
2026-09-25T17:00:01-03:00,30C,020,Palkia (#020/128),Palkia,1.48,3.06,9.9
2026-09-25T17:00:01-03:00,30C,021,Greninja ex (#021/128),Greninja ex,9.0,16.56,39.9
2026-09-25T17:00:01-03:00,30C,022,Wishiwashi (#022/128),Wishiwashi,0.92,1.79,5.0
2026-09-25T17:00:01-03:00,30C,023,Pikachu (#023/128),Pikachu,8.5,16.07,29.9
2026-09-25T17:00:01-03:00,30C,024,Pikachu (#024/128),Pikachu,7.0,17.64,26.9
2026-09-25T17:00:01-03:00,30C,025,Pikachu (#025/128),Pikachu,7.0,15.95,26.9
2026-09-25T17:00:01-03:00,30C,026,Pikachu (#026/128),Pikachu,8.0,16.08,59.9
2026-09-25T17:00:01-03:00,30C,027,Pikachu (#027/128),Pikachu,9.0,29.6,69.89
2026-09-25T17:00:01-03:00,30C,028,Pikachu (#028/128),Pikachu,10.0,25.78,99.9
2026-09-25T17:00:01-03:00,30C,029,Pikachu (#029/128),Pikachu,9.0,22.0,59.99
2026-09-25T17:00:01-03:00,30C,030,Pikachu (#030/128),Pikachu,8.0,17.47,29.9
2026-09-25T17:00:01-03:00,30C,031,Pikachu (#031/128),Pikachu,8.0,18.21,30.0
2026-09-25T17:00:01-03:00,30C,032,Pikachu (#032/128),Pikachu,10.0,48.96,89.9
2026-09-25T17:00:01-03:00,30C,033,Pikachu (#033/128),Pikachu,8.0,14.88,27.99
2026-09-25T17:00:01-03:00,30C,034,Pikachu (#034/128),Pikachu,8.0,36.51,99.9
2026-09-25T17:00:01-03:00,30C,035,Pikachu (#035/128),Pikachu,8.0,18.51,38.99
2026-09-25T17:00:01-03:00,30C,036,Pikachu (#036/128),Pikachu,8.0,17.89,89.9
2026-09-25T17:00:01-03:00,30C,037,Pikachu (#037/128),Pikachu,6.5,20.08,79.9
2026-09-25T17:00:01-03:00,30C,038,Pikachu (#038/128),Pikachu,8.0,16.74,99.9
2026-09-25T17:00:01-03:00,30C,039,Pikachu (#039/128),Pikachu,8.0,22.59,39.9
2026-09-25T17:00:01-03:00,30C,040,Pikachu (#040/128),Pikachu,8.0,45.93,94.9
2026-09-25T17:00:01-03:00,30C,041,Pikachu (#041/128),Pikachu,8.0,14.19,39.9
2026-09-25T17:00:01-03:00,30C,042,Pikachu (#042/128),Pikachu,8.0,17.38,28.9
2026-09-25T17:00:01-03:00,30C,043,Pikachu (#043/128),Pikachu,9.0,17.71,31.9
2026-09-25T17:00:01-03:00,30C,044,Pikachu (#044/128),Pikachu,9.0,17.27,34.9
2026-09-25T17:00:01-03:00,30C,045,Pikachu (#045/128),Pikachu,8.0,18.32,89.9
2026-09-25T17:00:01-03:00,30C,046,Pikachu (#046/128),Pikachu,8.9,14.83,39.9
2026-09-25T17:00:01-03:00,30C,047,Pikachu (#047/128),Pikachu,8.94,16.38,29.9
2026-09-25T17:00:01-03:00,30C,048,Pikachu (#048/128),Pikachu,8.9,21.15,99.9
2026-09-25T17:00:01-03:00,30C,049,Pikachu (#049/128),Pikachu,9.0,17.68,29.9
2026-09-25T17:00:01-03:00,30C,050,Pikachu (#050/128),Pikachu,9.0,45.72,99.9
2026-09-25T17:00:01-03:00,30C,051,Pikachu (#051/128),Pikachu,9.0,18.5,29.9
2026-09-25T17:00:01-03:00,30C,052,Pikachu (#052/128),Pikachu,9.0,19.47,99.9
2026-09-25T17:00:01-03:00,30C,053,Pikachu ex (#053/128),Pikachu ex,14.9,25.18,51.9
2026-09-25T17:00:01-03:00,30C,054,Pikachu ex (#054/128),Pikachu ex,18.94,28.48,51.9
2026-09-25T17:00:01-03:00,30C,055,Zapdos (#055/128),Zapdos,1.5,4.02,14.9
2026-09-25T17:00:01-03:00,30C,056,Zekrom (#056/128),Zekrom,0.95,2.68,14.9
2026-09-25T17:00:01-03:00,30C,057,Zeraora (#057/128),Zeraora,1.0,2.85,7.0
2026-09-25T17:00:01-03:00,30C,058,Toxel (#058/128),Toxel,0.95,1.75,4.9
2026-09-25T17:00:01-03:00,30C,059,Toxtricity (#059/128),Toxtricity,0.97,2.03,5.9
2026-09-25T17:00:01-03:00,30C,060,Toxtricity (#060/128),Toxtricity,0.97,2.48,5.9
2026-09-25T17:00:01-03:00,30C,061,Morpeko (#061/128),Morpeko,0.95,2.36,4.9
2026-09-25T17:00:01-03:00,30C,062,Miraidon (#062/128),Miraidon,1.0,2.13,5.9
2026-09-25T17:00:01-03:00,30C,063,Mewtwo (#063/128),Mewtwo,2.0,8.68,29.9
2026-09-25T17:00:01-03:00,30C,064,Mewtwo ex (#064/128),Mewtwo ex,7.9,16.97,34.99
2026-09-25T17:00:01-03:00,30C,065,Mew (#065/128),Mew,5.0,11.14,49.9
2026-09-25T17:00:01-03:00,30C,066,Mew ex (#066/128),Mew ex,66.0,96.21,119.9
2026-09-25T17:00:01-03:00,30C,067,Marill (#067/128),Marill,0.96,1.9,4.9
2026-09-25T17:00:01-03:00,30C,068,Azumarill (#068/128),Azumarill,0.96,1.97,4.99
2026-09-25T17:00:01-03:00,30C,069,Espeon (#069/128),Espeon,3.0,10.14,39.9
2026-09-25T17:00:01-03:00,30C,070,Espeon ex (#070/128),Espeon ex,11.0,22.47,30.0
2026-09-25T17:00:01-03:00,30C,071,Sylveon ex (#071/128),Sylveon ex,9.49,21.44,49.5
2026-09-25T17:00:01-03:00,30C,072,Unown (#072/128),Unown,1.49,3.88,14.9
2026-09-25T17:00:01-03:00,30C,073,Drifloon (#073/128),Drifloon,0.86,1.74,5.9
2026-09-25T17:00:01-03:00,30C,074,Cresselia (#074/128),Cresselia,0.76,2.18,5.9
2026-09-25T17:00:01-03:00,30C,075,Chandelure (#075/128),Chandelure,0.98,2.38,39.99
2026-09-25T17:00:01-03:00,30C,076,Xerneas (#076/128),Xerneas,0.97,2.43,6.9
2026-09-25T17:00:01-03:00,30C,077,Comfey (#077/128),Comfey,0.77,1.74,5.9
2026-09-25T17:00:01-03:00,30C,078,Cosmog (#078/128),Cosmog,0.84,1.85,5.9
2026-09-25T17:00:01-03:00,30C,079,Cosmoem (#079/128),Cosmoem,0.86,2.32,5.9
2026-09-25T17:00:01-03:00,30C,080,Lunala (#080/128),Lunala,0.97,3.44,6.9
2026-09-25T17:00:01-03:00,30C,081,Gimmighoul (#081/128),Gimmighoul,0.95,1.89,5.9
2026-09-25T17:00:01-03:00,30C,082,Groudon (#082/128),Groudon,0.97,2.68,9.9
2026-09-25T17:00:01-03:00,30C,083,Lucario (#083/128),Lucario,1.49,3.01,9.99
2026-09-25T17:00:01-03:00,30C,084,Seismitoad (#084/128),Seismitoad,0.96,1.97,5.9
2026-09-25T17:00:01-03:00,30C,085,Lycanroc (#085/128),Lycanroc,0.94,2.68,23.99
2026-09-25T17:00:01-03:00,30C,086,Koraidon (#086/128),Koraidon,0.97,2.96,6.9
2026-09-25T17:00:01-03:00,30C,087,Nidoran Female (#087/128),Nidoran Fêmea,0.9,1.45,5.9
2026-09-25T17:00:01-03:00,30C,088,Nidorina (#088/128),Nidorina,0.84,1.91,9.9
2026-09-25T17:00:01-03:00,30C,089,Alolan Meowth (#089/128),Meowth de Alola,0.97,2.27,6.99
2026-09-25T17:00:01-03:00,30C,090,Gengar ex (#090/128),Gengar ex,19.0,35.67,58.0
2026-09-25T17:00:01-03:00,30C,091,Umbreon (#091/128),Umbreon,5.0,21.46,49.9
2026-09-25T17:00:01-03:00,30C,092,Umbreon ex (#092/128),Umbreon ex,17.0,28.24,44.9
2026-09-25T17:00:01-03:00,30C,093,Murkrow (#093/128),Murkrow,0.95,1.85,5.9
2026-09-25T17:00:01-03:00,30C,094,Scraggy (#094/128),Scraggy,0.76,1.87,5.9
2026-09-25T17:00:01-03:00,30C,095,Zorua (#095/128),Zorua,0.99,3.06,5.9
2026-09-25T17:00:01-03:00,30C,096,Zoroark (#096/128),Zoroark,0.98,3.15,9.9
2026-09-25T17:00:01-03:00,30C,097,Deino (#097/128),Deino,0.71,1.88,5.9
2026-09-25T17:00:01-03:00,30C,098,Zweilous (#098/128),Zweilous,0.87,2.19,5.9
2026-09-25T17:00:01-03:00,30C,099,Hydreigon (#099/128),Hydreigon,0.98,2.48,9.9
2026-09-25T17:00:01-03:00,30C,100,Yveltal (#100/128),Yveltal,0.98,4.03,6.9
2026-09-25T17:00:01-03:00,30C,101,Galarian Meowth (#101/128),Meowth de Galar,1.0,2.06,9.9
2026-09-25T17:00:01-03:00,30C,102,Jirachi ex (#102/128),Jirachi ex,4.89,13.35,22.0
2026-09-25T17:00:01-03:00,30C,103,Dialga (#103/128),Dialga,0.96,3.09,8.9
2026-09-25T17:00:01-03:00,30C,104,Ferrothorn (#104/128),Ferrothorn,0.87,1.83,3.99
2026-09-25T17:00:01-03:00,30C,105,Solgaleo (#105/128),Solgaleo,0.97,2.49,6.9
2026-09-25T17:00:01-03:00,30C,106,Zacian (#106/128),Zacian,0.97,3.6,11.9
2026-09-25T17:00:01-03:00,30C,107,Zamazenta (#107/128),Zamazenta,0.95,2.61,9.9
2026-09-25T17:00:01-03:00,30C,108,Gholdengo (#108/128),Gholdengo,0.97,2.36,9.9
2026-09-25T17:00:01-03:00,30C,109,Salamence ex (#109/128),Salamence ex,5.0,11.12,19.9
2026-09-25T17:00:01-03:00,30C,110,Jangmo-o (#110/128),Jangmo-o,0.97,1.8,4.99
2026-09-25T17:00:01-03:00,30C,111,Hakamo-o (#111/128),Hakamo-o,0.96,1.74,4.9
2026-09-25T17:00:01-03:00,30C,112,Kommo-o (#112/128),Kommo-o,0.95,2.16,5.9
2026-09-25T17:00:01-03:00,30C,113,Meowth (#113/128),Meowth,1.0,2.52,10.9
2026-09-25T17:00:01-03:00,30C,114,Kangaskhan (#114/128),Kangaskhan,0.97,2.09,10.9
2026-09-25T17:00:01-03:00,30C,115,Ditto (#115/128),Ditto,1.72,9.39,19.9
2026-09-25T17:00:01-03:00,30C,116,Eevee (#116/128),Eevee,2.0,7.21,19.9
2026-09-25T17:00:01-03:00,30C,117,Eevee (#117/128),Eevee,2.5,9.81,19.9
2026-09-25T17:00:01-03:00,30C,118,Eevee (#118/128),Eevee,2.0,9.24,19.9
2026-09-25T17:00:01-03:00,30C,119,Snorlax (#119/128),Snorlax,1.72,5.25,35.0
2026-09-25T17:00:01-03:00,30C,120,Igglybuff (#120/128),Igglybuff,1.89,8.25,19.9
2026-09-25T17:00:01-03:00,30C,121,Lugia (#121/128),Lugia,2.49,7.5,14.9
2026-09-25T17:00:01-03:00,30C,122,Hisuian Zorua (#122/128),Zorua de Hisui,0.97,2.04,10.9
2026-09-25T17:00:01-03:00,30C,123,Hisuian Zoroark (#123/128),Zoroark de Hisui,0.97,2.94,10.9
2026-09-25T17:00:01-03:00,30C,124,Minior (#124/128),Minior,0.95,2.15,7.0
2026-09-25T17:00:01-03:00,30C,125,Maushold (#125/128),Maushold,1.48,6.11,11.9
2026-09-25T17:00:01-03:00,30C,126,Poké Pad (#126/128),Poké Tablet,6.99,17.18,29.9
2026-09-25T17:00:01-03:00,30C,127,Switch (#127/128),Substituição,1.48,4.91,14.9
2026-09-25T17:00:01-03:00,30C,128,Ultra Ball (#128/128),Ultra Bola,5.89,10.19,24.99
2026-09-25T17:00:01-03:00,30C,129,Alolan Exeggutor (#129/128),Exeggutor de Alola,34.0,46.31,69.9
2026-09-25T17:00:01-03:00,30C,130,Moltres (#130/128),Moltres,70.0,88.66,249.99
2026-09-25T17:00:01-03:00,30C,131,Lapras (#131/128),Lapras,75.0,103.06,225.0
2026-09-25T17:00:01-03:00,30C,132,Articuno (#132/128),Articuno,74.9,113.9,499.9
2026-09-25T17:00:01-03:00,30C,133,Zapdos (#133/128),Zapdos,65.0,119.84,149.9
2026-09-25T17:00:01-03:00,30C,134,Toxtricity (#134/128),Toxtricity,28.9,42.21,69.99
2026-09-25T17:00:01-03:00,30C,135,Morpeko (#135/128),Morpeko,44.5,82.27,200.0
2026-09-25T17:00:01-03:00,30C,136,Drifloon (#136/128),Drifloon,25.0,63.22,249.9
2026-09-25T17:00:01-03:00,30C,137,Chandelure (#137/128),Chandelure,27.5,45.3,109.89
2026-09-25T17:00:01-03:00,30C,138,Lycanroc (#138/128),Lycanroc,19.0,32.24,40.0
2026-09-25T17:00:01-03:00,30C,139,Alolan Meowth (#139/128),Meowth de Alola,65.0,96.56,179.9
2026-09-25T17:00:01-03:00,30C,140,Scraggy (#140/128),Scraggy,17.0,27.5,99.9
2026-09-25T17:00:01-03:00,30C,141,Galarian Meowth (#141/128),Meowth de Galar,70.0,111.32,249.9
2026-09-25T17:00:01-03:00,30C,142,Gholdengo (#142/128),Gholdengo,22.0,32.76,69.89
2026-09-25T17:00:01-03:00,30C,143,Kommo-o (#143/128),Kommo-o,15.0,37.93,219.9
2026-09-25T17:00:01-03:00,30C,144,Meowth (#144/128),Meowth,94.0,145.5,330.0
2026-09-25T17:00:01-03:00,30C,145,Hisuian Zorua (#145/128),Zorua de Hisui,50.0,69.2,150.0
2026-09-25T17:00:01-03:00,30C,146,Maushold (#146/128),Maushold,119.9,244.32,400.0
2026-09-25T17:00:01-03:00,30C,147,Fuecoco ex (#147/128),Fuecoco ex,144.5,200.83,450.0
2026-09-25T17:00:01-03:00,30C,148,Greninja ex (#148/128),Greninja ex,200.0,298.88,999.99
2026-09-25T17:00:01-03:00,30C,149,Pikachu ex (#149/128),Pikachu ex,600.0,823.61,1289.99
2026-09-25T17:00:01-03:00,30C,150,Pikachu ex (#150/128),Pikachu ex,699.0,845.47,1199.9
2026-09-25T17:00:01-03:00,30C,151,Mewtwo ex (#151/128),Mewtwo ex,549.9,995.57,2999.99
2026-09-25T17:00:01-03:00,30C,152,Mew ex (#152/128),Mew ex,750.0,1241.83,5000.0
2026-09-25T17:00:01-03:00,30C,153,Sylveon ex (#153/128),Sylveon ex,429.9,664.34,3500.0
2026-09-25T17:00:01-03:00,30C,154,Gengar ex (#154/128),Gengar ex,690.0,1326.62,2200.0
2026-09-25T17:00:01-03:00,30C,155,Jirachi ex (#155/128),Jirachi ex,340.0,498.86,1199.0
2026-09-25T17:00:01-03:00,30C,156,Salamence ex (#156/128),Salamence ex,139.0,229.93,299.99
2026-09-25T17:00:01-03:00,30C,157,Mewtwo ex (#157/128),Mewtwo ex,530.0,717.95,1695.0
2026-09-25T17:00:01-03:00,30C,158,Mew ex (#158/128),Mew ex,750.0,1013.95,5000.0
2026-09-25T17:00:01-03:00,30C-C,004,Charizard (#004/30),Charizard,1349.0,1774.33,5000.0
2026-09-25T17:00:01-03:00,30C-C,005,Delcatty (#005/30),Delcatty,55.0,92.7,199.99
2026-09-25T17:00:01-03:00,30C-C,011,Metagross (#011/30),Metagross,80.0,125.59,300.0
2026-09-25T17:00:01-03:00,30C-C,011b,Genesect-EX (#011b/30),Genesect-EX,67.67,108.2,199.0
2026-09-25T17:00:01-03:00,30C-C,018,Misty (#018/30),Misty,95.0,142.76,229.0
2026-09-25T17:00:01-03:00,30C-C,019,Dark Tyranitar (#019/30),Tyranitar Sombrio,130.0,190.2,299.9
2026-09-25T17:00:01-03:00,30C-C,025,Sneasel (#025/30),Sneasel,55.0,97.85,500.0
2026-09-25T17:00:01-03:00,30C-C,033,Pikachu & Zekrom-GX (#033/30),Pikachu e Zekrom-GX,329.9,378.07,400.0
2026-09-25T17:00:01-03:00,30C-C,041,Greninja BREAK (#041/30),Greninja TURBO,79.9,108.07,199.99
2026-09-25T17:00:01-03:00,30C-C,043,Uxie (#043/30),Uxie,49.0,95.34,159.9
2026-09-25T17:00:01-03:00,30C-C,047,Crobat G (#047/30),Crobat G,50.0,226.59,360.0
2026-09-25T17:00:01-03:00,30C-C,050,Raikou (#050/30),Raikou,45.0,76.58,199.9
2026-09-25T17:00:01-03:00,30C-C,057,Buzzwole-GX (#057/30),Buzzwole-GX,45.0,84.01,149.5
2026-09-25T17:00:01-03:00,30C-C,058,Pikachu (#058/30),Pikachu,220.0,305.8,399.0
2026-09-25T17:00:01-03:00,30C-C,069,Erika's Jigglypuff (#069/30),Jigglypuff da Érica,95.0,144.08,198.89
2026-09-25T17:00:01-03:00,30C-C,085,Rayquaza-EX (#085/30),Rayquaza-EX,140.0,208.15,289.9
2026-09-25T17:00:01-03:00,30C-C,089,Solgaleo-GX (#089/30),Solgaleo-GX,65.0,112.57,199.0
2026-09-25T17:00:01-03:00,30C-C,094,Gengar (#094/30),Gengar,375.0,691.08,1299.0
2026-09-25T17:00:01-03:00,30C-C,099,Darkrai & Cresselia LEGEND (#099/30),Darkrai & Cresselia LENDA,175.0,267.17,299.9
2026-09-25T17:00:01-03:00,30C-C,100,Darkrai & Cresselia LEGEND (#100/30),Darkrai & Cresselia LENDA,170.0,213.32,289.9
2026-09-25T17:00:01-03:00,30C-C,101,N (#101/30),N,148.0,209.06,700.0
2026-09-25T17:00:01-03:00,30C-C,106,Palkia LV.X (#106/30),Palkia LV.X,190.0,387.45,550.0
2026-09-25T17:00:01-03:00,30C-C,106b,M Gardevoir-EX (#106b/30),M Gardevoir-EX,120.0,219.69,250.0
2026-09-25T17:00:01-03:00,30C-C,106c,Shining Celebi (#106c/30),Celebi Luminescente,285.0,530.76,1200.0
2026-09-25T17:00:01-03:00,30C-C,108,Scizor ex (#108/30),Scizor ex,90.0,131.97,150.0
2026-09-25T17:00:01-03:00,30C-C,114,Mew-VMAX (#114/30),Mew-VMAX,125.0,193.55,229.9
2026-09-25T17:00:01-03:00,30C-C,123,Arceus-VSTAR (#123/30),Arceus-V-ASTRO,469.9,635.3,849.99
2026-09-25T17:00:01-03:00,30C-C,138,Zacian-V (#138/30),Zacian-V,99.9,246.94,450.0
2026-09-25T17:00:01-03:00,30C-C,149,Lugia (#149/30),Lugia,875.0,1634.21,2449.9
2026-09-25T17:00:01-03:00,30C-C,203,Magikarp (#203/30),Magikarp,550.0,723.12,999.99
2026-09-25T20:00:01-03:00,30C,001,Exeggcute (#001/128),Exeggcute,0.97,1.73,4.9
2026-09-25T20:00:01-03:00,30C,002,Alolan Exeggutor (#002/128),Exeggutor de Alola,1.8,2.39,6.99
2026-09-25T20:00:01-03:00,30C,003,Volbeat (#003/128),Volbeat,0.97,2.06,4.9
2026-09-25T20:00:01-03:00,30C,004,Illumise (#004/128),Illumise,0.91,1.88,4.99
2026-09-25T20:00:01-03:00,30C,005,Tropius (#005/128),Tropius,0.71,1.61,7.0
2026-09-25T20:00:01-03:00,30C,006,Cherubi (#006/128),Cherubi,0.7,1.64,4.9
2026-09-25T20:00:01-03:00,30C,007,Cherrim (#007/128),Cherrim,0.8,1.77,4.9
2026-09-25T20:00:01-03:00,30C,008,Vivillon (#008/128),Vivillon,0.87,1.92,5.9
2026-09-25T20:00:01-03:00,30C,009,Vulpix (#009/128),Vulpix,0.9,1.9,9.9
2026-09-25T20:00:01-03:00,30C,010,Ninetales (#010/128),Ninetales,1.0,2.36,4.9
2026-09-25T20:00:01-03:00,30C,011,Moltres (#011/128),Moltres,1.89,4.97,14.9
2026-09-25T20:00:01-03:00,30C,012,Ho-Oh (#012/128),Ho-Oh,1.85,4.85,9.9
2026-09-25T20:00:01-03:00,30C,013,Victini (#013/128),Victini,1.02,2.74,9.9
2026-09-25T20:00:01-03:00,30C,014,Reshiram (#014/128),Reshiram,0.93,2.59,8.9
2026-09-25T20:00:01-03:00,30C,015,Fuecoco ex (#015/128),Fuecoco ex,4.89,9.95,39.9
2026-09-25T20:00:01-03:00,30C,016,Slowpoke (#016/128),Slowpoke,0.97,2.75,11.9
2026-09-25T20:00:01-03:00,30C,017,Lapras (#017/128),Lapras,1.35,3.18,19.9
2026-09-25T20:00:01-03:00,30C,018,Articuno (#018/128),Articuno,1.9,5.36,34.9
2026-09-25T20:00:01-03:00,30C,019,Kyogre (#019/128),Kyogre,0.95,4.41,9.9
2026-09-25T20:00:01-03:00,30C,020,Palkia (#020/128),Palkia,1.48,3.06,9.9
2026-09-25T20:00:01-03:00,30C,021,Greninja ex (#021/128),Greninja ex,9.0,16.56,39.9
2026-09-25T20:00:01-03:00,30C,022,Wishiwashi (#022/128),Wishiwashi,0.92,1.79,5.0
2026-09-25T20:00:01-03:00,30C,023,Pikachu (#023/128),Pikachu,8.5,16.07,29.9
2026-09-25T20:00:01-03:00,30C,024,Pikachu (#024/128),Pikachu,7.0,17.64,26.9
2026-09-25T20:00:01-03:00,30C,025,Pikachu (#025/128),Pikachu,7.0,15.95,26.9
2026-09-25T20:00:01-03:00,30C,026,Pikachu (#026/128),Pikachu,8.0,16.08,59.9
2026-09-25T20:00:01-03:00,30C,027,Pikachu (#027/128),Pikachu,9.0,29.6,69.89
2026-09-25T20:00:01-03:00,30C,028,Pikachu (#028/128),Pikachu,10.0,25.78,99.9
2026-09-25T20:00:01-03:00,30C,029,Pikachu (#029/128),Pikachu,9.0,22.0,59.99
2026-09-25T20:00:01-03:00,30C,030,Pikachu (#030/128),Pikachu,8.0,17.47,29.9
2026-09-25T20:00:01-03:00,30C,031,Pikachu (#031/128),Pikachu,8.0,18.21,30.0
2026-09-25T20:00:01-03:00,30C,032,Pikachu (#032/128),Pikachu,10.0,48.96,89.9
2026-09-25T20:00:01-03:00,30C,033,Pikachu (#033/128),Pikachu,8.0,14.88,27.99
2026-09-25T20:00:01-03:00,30C,034,Pikachu (#034/128),Pikachu,8.0,36.51,99.9
2026-09-25T20:00:01-03:00,30C,035,Pikachu (#035/128),Pikachu,8.0,18.51,38.99
2026-09-25T20:00:01-03:00,30C,036,Pikachu (#036/128),Pikachu,8.0,17.89,89.9
2026-09-25T20:00:01-03:00,30C,037,Pikachu (#037/128),Pikachu,6.5,20.08,79.9
2026-09-25T20:00:01-03:00,30C,038,Pikachu (#038/128),Pikachu,8.0,16.74,99.9
2026-09-25T20:00:01-03:00,30C,039,Pikachu (#039/128),Pikachu,8.0,22.59,39.9
2026-09-25T20:00:01-03:00,30C,040,Pikachu (#040/128),Pikachu,8.0,45.93,94.9
2026-09-25T20:00:01-03:00,30C,041,Pikachu (#041/128),Pikachu,8.0,14.19,39.9
2026-09-25T20:00:01-03:00,30C,042,Pikachu (#042/128),Pikachu,8.0,17.38,28.9
2026-09-25T20:00:01-03:00,30C,043,Pikachu (#043/128),Pikachu,9.0,17.71,31.9
2026-09-25T20:00:01-03:00,30C,044,Pikachu (#044/128),Pikachu,9.0,17.27,34.9
2026-09-25T20:00:01-03:00,30C,045,Pikachu (#045/128),Pikachu,8.0,18.32,89.9
2026-09-25T20:00:01-03:00,30C,046,Pikachu (#046/128),Pikachu,8.9,14.83,39.9
2026-09-25T20:00:01-03:00,30C,047,Pikachu (#047/128),Pikachu,8.94,16.38,29.9
2026-09-25T20:00:01-03:00,30C,048,Pikachu (#048/128),Pikachu,8.9,21.15,99.9
2026-09-25T20:00:01-03:00,30C,049,Pikachu (#049/128),Pikachu,9.0,17.68,29.9
2026-09-25T20:00:01-03:00,30C,050,Pikachu (#050/128),Pikachu,9.0,45.72,99.9
2026-09-25T20:00:01-03:00,30C,051,Pikachu (#051/128),Pikachu,9.0,18.5,29.9
2026-09-25T20:00:01-03:00,30C,052,Pikachu (#052/128),Pikachu,9.0,19.47,99.9
2026-09-25T20:00:01-03:00,30C,053,Pikachu ex (#053/128),Pikachu ex,14.9,25.18,51.9
2026-09-25T20:00:01-03:00,30C,054,Pikachu ex (#054/128),Pikachu ex,18.94,28.48,51.9
2026-09-25T20:00:01-03:00,30C,055,Zapdos (#055/128),Zapdos,1.5,4.02,14.9
2026-09-25T20:00:01-03:00,30C,056,Zekrom (#056/128),Zekrom,0.95,2.68,14.9
2026-09-25T20:00:01-03:00,30C,057,Zeraora (#057/128),Zeraora,1.0,2.85,7.0
2026-09-25T20:00:01-03:00,30C,058,Toxel (#058/128),Toxel,0.95,1.75,4.9
2026-09-25T20:00:01-03:00,30C,059,Toxtricity (#059/128),Toxtricity,0.97,2.03,5.9
2026-09-25T20:00:01-03:00,30C,060,Toxtricity (#060/128),Toxtricity,0.97,2.48,5.9
2026-09-25T20:00:01-03:00,30C,061,Morpeko (#061/128),Morpeko,0.95,2.36,4.9
2026-09-25T20:00:01-03:00,30C,062,Miraidon (#062/128),Miraidon,1.0,2.13,5.9
2026-09-25T20:00:01-03:00,30C,063,Mewtwo (#063/128),Mewtwo,2.0,8.68,29.9
2026-09-25T20:00:01-03:00,30C,064,Mewtwo ex (#064/128),Mewtwo ex,7.9,16.97,34.99
2026-09-25T20:00:01-03:00,30C,065,Mew (#065/128),Mew,5.0,11.14,49.9
2026-09-25T20:00:01-03:00,30C,066,Mew ex (#066/128),Mew ex,66.0,96.21,119.9
2026-09-25T20:00:01-03:00,30C,067,Marill (#067/128),Marill,0.96,1.9,4.9
2026-09-25T20:00:01-03:00,30C,068,Azumarill (#068/128),Azumarill,0.96,1.97,4.99
2026-09-25T20:00:01-03:00,30C,069,Espeon (#069/128),Espeon,3.0,10.14,39.9
2026-09-25T20:00:01-03:00,30C,070,Espeon ex (#070/128),Espeon ex,11.0,22.47,30.0
2026-09-25T20:00:01-03:00,30C,071,Sylveon ex (#071/128),Sylveon ex,9.49,21.44,49.5
2026-09-25T20:00:01-03:00,30C,072,Unown (#072/128),Unown,1.49,3.88,14.9
2026-09-25T20:00:01-03:00,30C,073,Drifloon (#073/128),Drifloon,0.86,1.74,5.9
2026-09-25T20:00:01-03:00,30C,074,Cresselia (#074/128),Cresselia,0.76,2.18,5.9
2026-09-25T20:00:01-03:00,30C,075,Chandelure (#075/128),Chandelure,0.98,2.38,39.99
2026-09-25T20:00:01-03:00,30C,076,Xerneas (#076/128),Xerneas,0.97,2.43,6.9
2026-09-25T20:00:01-03:00,30C,077,Comfey (#077/128),Comfey,0.77,1.74,5.9
2026-09-25T20:00:01-03:00,30C,078,Cosmog (#078/128),Cosmog,0.84,1.85,5.9
2026-09-25T20:00:01-03:00,30C,079,Cosmoem (#079/128),Cosmoem,0.86,2.32,5.9
2026-09-25T20:00:01-03:00,30C,080,Lunala (#080/128),Lunala,0.97,3.44,6.9
2026-09-25T20:00:01-03:00,30C,081,Gimmighoul (#081/128),Gimmighoul,0.95,1.89,5.9
2026-09-25T20:00:01-03:00,30C,082,Groudon (#082/128),Groudon,0.97,2.68,9.9
2026-09-25T20:00:01-03:00,30C,083,Lucario (#083/128),Lucario,1.49,3.01,9.99
2026-09-25T20:00:01-03:00,30C,084,Seismitoad (#084/128),Seismitoad,0.96,1.97,5.9
2026-09-25T20:00:01-03:00,30C,085,Lycanroc (#085/128),Lycanroc,0.94,2.68,23.99
2026-09-25T20:00:01-03:00,30C,086,Koraidon (#086/128),Koraidon,0.97,2.96,6.9
2026-09-25T20:00:01-03:00,30C,087,Nidoran Female (#087/128),Nidoran Fêmea,0.9,1.45,5.9
2026-09-25T20:00:01-03:00,30C,088,Nidorina (#088/128),Nidorina,0.84,1.91,9.9
2026-09-25T20:00:01-03:00,30C,089,Alolan Meowth (#089/128),Meowth de Alola,0.97,2.27,6.99
2026-09-25T20:00:01-03:00,30C,090,Gengar ex (#090/128),Gengar ex,19.0,35.67,58.0
2026-09-25T20:00:01-03:00,30C,091,Umbreon (#091/128),Umbreon,5.0,21.46,49.9
2026-09-25T20:00:01-03:00,30C,092,Umbreon ex (#092/128),Umbreon ex,17.0,28.24,44.9
2026-09-25T20:00:01-03:00,30C,093,Murkrow (#093/128),Murkrow,0.95,1.85,5.9
2026-09-25T20:00:01-03:00,30C,094,Scraggy (#094/128),Scraggy,0.76,1.87,5.9
2026-09-25T20:00:01-03:00,30C,095,Zorua (#095/128),Zorua,0.99,3.06,5.9
2026-09-25T20:00:01-03:00,30C,096,Zoroark (#096/128),Zoroark,0.98,3.15,9.9
2026-09-25T20:00:01-03:00,30C,097,Deino (#097/128),Deino,0.71,1.88,5.9
2026-09-25T20:00:01-03:00,30C,098,Zweilous (#098/128),Zweilous,0.87,2.19,5.9
2026-09-25T20:00:01-03:00,30C,099,Hydreigon (#099/128),Hydreigon,0.98,2.48,9.9
2026-09-25T20:00:01-03:00,30C,100,Yveltal (#100/128),Yveltal,0.98,4.03,6.9
2026-09-25T20:00:01-03:00,30C,101,Galarian Meowth (#101/128),Meowth de Galar,1.0,2.06,9.9
2026-09-25T20:00:01-03:00,30C,102,Jirachi ex (#102/128),Jirachi ex,4.89,13.35,22.0
2026-09-25T20:00:01-03:00,30C,103,Dialga (#103/128),Dialga,0.96,3.09,8.9
2026-09-25T20:00:01-03:00,30C,104,Ferrothorn (#104/128),Ferrothorn,0.87,1.83,3.99
2026-09-25T20:00:01-03:00,30C,105,Solgaleo (#105/128),Solgaleo,0.97,2.49,6.9
2026-09-25T20:00:01-03:00,30C,106,Zacian (#106/128),Zacian,0.97,3.6,11.9
2026-09-25T20:00:01-03:00,30C,107,Zamazenta (#107/128),Zamazenta,0.95,2.61,9.9
2026-09-25T20:00:01-03:00,30C,108,Gholdengo (#108/128),Gholdengo,0.97,2.36,9.9
2026-09-25T20:00:01-03:00,30C,109,Salamence ex (#109/128),Salamence ex,5.0,11.12,19.9
2026-09-25T20:00:01-03:00,30C,110,Jangmo-o (#110/128),Jangmo-o,0.97,1.8,4.99
2026-09-25T20:00:01-03:00,30C,111,Hakamo-o (#111/128),Hakamo-o,0.96,1.74,4.9
2026-09-25T20:00:01-03:00,30C,112,Kommo-o (#112/128),Kommo-o,0.95,2.16,5.9
2026-09-25T20:00:01-03:00,30C,113,Meowth (#113/128),Meowth,1.0,2.52,10.9
2026-09-25T20:00:01-03:00,30C,114,Kangaskhan (#114/128),Kangaskhan,0.97,2.09,10.9
2026-09-25T20:00:01-03:00,30C,115,Ditto (#115/128),Ditto,1.72,9.39,19.9
2026-09-25T20:00:01-03:00,30C,116,Eevee (#116/128),Eevee,2.0,7.21,19.9
2026-09-25T20:00:01-03:00,30C,117,Eevee (#117/128),Eevee,2.5,9.81,19.9
2026-09-25T20:00:01-03:00,30C,118,Eevee (#118/128),Eevee,2.0,9.24,19.9
2026-09-25T20:00:01-03:00,30C,119,Snorlax (#119/128),Snorlax,1.72,5.25,35.0
2026-09-25T20:00:01-03:00,30C,120,Igglybuff (#120/128),Igglybuff,1.89,8.25,19.9
2026-09-25T20:00:01-03:00,30C,121,Lugia (#121/128),Lugia,2.49,7.5,14.9
2026-09-25T20:00:01-03:00,30C,122,Hisuian Zorua (#122/128),Zorua de Hisui,0.97,2.04,10.9
2026-09-25T20:00:01-03:00,30C,123,Hisuian Zoroark (#123/128),Zoroark de Hisui,0.97,2.94,10.9
2026-09-25T20:00:01-03:00,30C,124,Minior (#124/128),Minior,0.95,2.15,7.0
2026-09-25T20:00:01-03:00,30C,125,Maushold (#125/128),Maushold,1.48,6.11,11.9
2026-09-25T20:00:01-03:00,30C,126,Poké Pad (#126/128),Poké Tablet,6.99,17.18,29.9
2026-09-25T20:00:01-03:00,30C,127,Switch (#127/128),Substituição,1.48,4.91,14.9
2026-09-25T20:00:01-03:00,30C,128,Ultra Ball (#128/128),Ultra Bola,5.89,10.19,24.99
2026-09-25T20:00:01-03:00,30C,129,Alolan Exeggutor (#129/128),Exeggutor de Alola,34.0,46.31,69.9
2026-09-25T20:00:01-03:00,30C,130,Moltres (#130/128),Moltres,70.0,88.66,249.99
2026-09-25T20:00:01-03:00,30C,131,Lapras (#131/128),Lapras,75.0,103.06,225.0
2026-09-25T20:00:01-03:00,30C,132,Articuno (#132/128),Articuno,74.9,113.9,499.9
2026-09-25T20:00:01-03:00,30C,133,Zapdos (#133/128),Zapdos,65.0,119.84,149.9
2026-09-25T20:00:01-03:00,30C,134,Toxtricity (#134/128),Toxtricity,28.9,42.21,69.99
2026-09-25T20:00:01-03:00,30C,135,Morpeko (#135/128),Morpeko,44.5,82.27,200.0
2026-09-25T20:00:01-03:00,30C,136,Drifloon (#136/128),Drifloon,25.0,63.22,249.9
2026-09-25T20:00:01-03:00,30C,137,Chandelure (#137/128),Chandelure,27.5,45.3,109.89
2026-09-25T20:00:01-03:00,30C,138,Lycanroc (#138/128),Lycanroc,19.0,32.24,40.0
2026-09-25T20:00:01-03:00,30C,139,Alolan Meowth (#139/128),Meowth de Alola,65.0,96.56,179.9
2026-09-25T20:00:01-03:00,30C,140,Scraggy (#140/128),Scraggy,17.0,27.5,99.9
2026-09-25T20:00:01-03:00,30C,141,Galarian Meowth (#141/128),Meowth de Galar,70.0,111.32,249.9
2026-09-25T20:00:01-03:00,30C,142,Gholdengo (#142/128),Gholdengo,22.0,32.76,69.89
2026-09-25T20:00:01-03:00,30C,143,Kommo-o (#143/128),Kommo-o,15.0,37.93,219.9
2026-09-25T20:00:01-03:00,30C,144,Meowth (#144/128),Meowth,94.0,145.5,330.0
2026-09-25T20:00:01-03:00,30C,145,Hisuian Zorua (#145/128),Zorua de Hisui,50.0,69.2,150.0
2026-09-25T20:00:01-03:00,30C,146,Maushold (#146/128),Maushold,119.9,244.32,400.0
2026-09-25T20:00:01-03:00,30C,147,Fuecoco ex (#147/128),Fuecoco ex,144.5,200.83,450.0
2026-09-25T20:00:01-03:00,30C,148,Greninja ex (#148/128),Greninja ex,200.0,298.88,999.99
2026-09-25T20:00:01-03:00,30C,149,Pikachu ex (#149/128),Pikachu ex,600.0,823.61,1289.99
2026-09-25T20:00:01-03:00,30C,150,Pikachu ex (#150/128),Pikachu ex,699.0,845.47,1199.9
2026-09-25T20:00:01-03:00,30C,151,Mewtwo ex (#151/128),Mewtwo ex,549.9,995.57,2999.99
2026-09-25T20:00:01-03:00,30C,152,Mew ex (#152/128),Mew ex,750.0,1241.83,5000.0
2026-09-25T20:00:01-03:00,30C,153,Sylveon ex (#153/128),Sylveon ex,429.9,664.34,3500.0
2026-09-25T20:00:01-03:00,30C,154,Gengar ex (#154/128),Gengar ex,690.0,1326.62,2200.0
2026-09-25T20:00:01-03:00,30C,155,Jirachi ex (#155/128),Jirachi ex,340.0,498.86,1199.0
2026-09-25T20:00:01-03:00,30C,156,Salamence ex (#156/128),Salamence ex,139.0,229.93,299.99
2026-09-25T20:00:01-03:00,30C,157,Mewtwo ex (#157/128),Mewtwo ex,530.0,717.95,1695.0
2026-09-25T20:00:01-03:00,30C,158,Mew ex (#158/128),Mew ex,750.0,1013.95,5000.0
2026-09-25T20:00:01-03:00,30C-C,004,Charizard (#004/30),Charizard,1349.0,1774.33,5000.0
2026-09-25T20:00:01-03:00,30C-C,005,Delcatty (#005/30),Delcatty,55.0,92.7,199.99
2026-09-25T20:00:01-03:00,30C-C,011,Metagross (#011/30),Metagross,80.0,125.59,300.0
2026-09-25T20:00:01-03:00,30C-C,011b,Genesect-EX (#011b/30),Genesect-EX,67.67,108.2,199.0
2026-09-25T20:00:01-03:00,30C-C,018,Misty (#018/30),Misty,95.0,142.76,229.0
2026-09-25T20:00:01-03:00,30C-C,019,Dark Tyranitar (#019/30),Tyranitar Sombrio,130.0,190.2,299.9
2026-09-25T20:00:01-03:00,30C-C,025,Sneasel (#025/30),Sneasel,55.0,97.85,500.0
2026-09-25T20:00:01-03:00,30C-C,033,Pikachu & Zekrom-GX (#033/30),Pikachu e Zekrom-GX,329.9,378.07,400.0
2026-09-25T20:00:01-03:00,30C-C,041,Greninja BREAK (#041/30),Greninja TURBO,79.9,108.07,199.99
2026-09-25T20:00:01-03:00,30C-C,043,Uxie (#043/30),Uxie,49.0,95.34,159.9
2026-09-25T20:00:01-03:00,30C-C,047,Crobat G (#047/30),Crobat G,50.0,226.59,360.0
2026-09-25T20:00:01-03:00,30C-C,050,Raikou (#050/30),Raikou,45.0,76.58,199.9
2026-09-25T20:00:01-03:00,30C-C,057,Buzzwole-GX (#057/30),Buzzwole-GX,45.0,84.01,149.5
2026-09-25T20:00:01-03:00,30C-C,058,Pikachu (#058/30),Pikachu,220.0,305.8,399.0
2026-09-25T20:00:01-03:00,30C-C,069,Erika's Jigglypuff (#069/30),Jigglypuff da Érica,95.0,144.08,198.89
2026-09-25T20:00:01-03:00,30C-C,085,Rayquaza-EX (#085/30),Rayquaza-EX,140.0,208.15,289.9
2026-09-25T20:00:01-03:00,30C-C,089,Solgaleo-GX (#089/30),Solgaleo-GX,65.0,112.57,199.0
2026-09-25T20:00:01-03:00,30C-C,094,Gengar (#094/30),Gengar,375.0,691.08,1299.0
2026-09-25T20:00:01-03:00,30C-C,099,Darkrai & Cresselia LEGEND (#099/30),Darkrai & Cresselia LENDA,175.0,267.17,299.9
2026-09-25T20:00:01-03:00,30C-C,100,Darkrai & Cresselia LEGEND (#100/30),Darkrai & Cresselia LENDA,170.0,213.32,289.9
2026-09-25T20:00:01-03:00,30C-C,101,N (#101/30),N,148.0,209.06,700.0
2026-09-25T20:00:01-03:00,30C-C,106,Palkia LV.X (#106/30),Palkia LV.X,190.0,387.45,550.0
2026-09-25T20:00:01-03:00,30C-C,106b,M Gardevoir-EX (#106b/30),M Gardevoir-EX,120.0,219.69,250.0
2026-09-25T20:00:01-03:00,30C-C,106c,Shining Celebi (#106c/30),Celebi Luminescente,285.0,530.76,1200.0
2026-09-25T20:00:01-03:00,30C-C,108,Scizor ex (#108/30),Scizor ex,90.0,131.97,150.0
2026-09-25T20:00:01-03:00,30C-C,114,Mew-VMAX (#114/30),Mew-VMAX,125.0,193.55,229.9
2026-09-25T20:00:01-03:00,30C-C,123,Arceus-VSTAR (#123/30),Arceus-V-ASTRO,469.9,635.3,849.99
2026-09-25T20:00:01-03:00,30C-C,138,Zacian-V (#138/30),Zacian-V,99.9,246.94,450.0
2026-09-25T20:00:01-03:00,30C-C,149,Lugia (#149/30),Lugia,875.0,1634.21,2449.9
2026-09-25T20:00:01-03:00,30C-C,203,Magikarp (#203/30),Magikarp,550.0,723.12,999.99
2026-09-26T10:00:01-03:00,30C,001,Exeggcute (#001/128),Exeggcute,0.89,1.45,4.9
2026-09-26T10:00:01-03:00,30C,002,Alolan Exeggutor (#002/128),Exeggutor de Alola,1.5,2.38,6.99
2026-09-26T10:00:01-03:00,30C,003,Volbeat (#003/128),Volbeat,0.97,2.0,4.9
2026-09-26T10:00:01-03:00,30C,004,Illumise (#004/128),Illumise,0.89,1.82,4.9
2026-09-26T10:00:01-03:00,30C,005,Tropius (#005/128),Tropius,0.7,1.63,7.0
2026-09-26T10:00:01-03:00,30C,006,Cherubi (#006/128),Cherubi,0.68,1.63,4.9
2026-09-26T10:00:01-03:00,30C,007,Cherrim (#007/128),Cherrim,0.79,1.74,4.9
2026-09-26T10:00:01-03:00,30C,008,Vivillon (#008/128),Vivillon,0.86,1.44,5.9
2026-09-26T10:00:01-03:00,30C,009,Vulpix (#009/128),Vulpix,0.89,1.56,9.9
2026-09-26T10:00:01-03:00,30C,010,Ninetales (#010/128),Ninetales,1.0,2.3,4.9
2026-09-26T10:00:01-03:00,30C,011,Moltres (#011/128),Moltres,1.5,4.73,14.9
2026-09-26T10:00:01-03:00,30C,012,Ho-Oh (#012/128),Ho-Oh,1.5,4.66,9.9
2026-09-26T10:00:01-03:00,30C,013,Victini (#013/128),Victini,1.01,2.67,9.9
2026-09-26T10:00:01-03:00,30C,014,Reshiram (#014/128),Reshiram,0.91,2.5,8.9
2026-09-26T10:00:01-03:00,30C,015,Fuecoco ex (#015/128),Fuecoco ex,4.88,10.98,39.9
2026-09-26T10:00:01-03:00,30C,016,Slowpoke (#016/128),Slowpoke,0.96,2.6,9.9
2026-09-26T10:00:01-03:00,30C,017,Lapras (#017/128),Lapras,1.34,3.04,19.9
2026-09-26T10:00:01-03:00,30C,018,Articuno (#018/128),Articuno,1.47,4.89,34.9
2026-09-26T10:00:01-03:00,30C,019,Kyogre (#019/128),Kyogre,0.94,4.29,9.9
2026-09-26T10:00:01-03:00,30C,020,Palkia (#020/128),Palkia,1.47,2.97,9.9
2026-09-26T10:00:01-03:00,30C,021,Greninja ex (#021/128),Greninja ex,8.9,16.45,39.9
2026-09-26T10:00:01-03:00,30C,022,Wishiwashi (#022/128),Wishiwashi,0.9,1.5,5.0
2026-09-26T10:00:01-03:00,30C,023,Pikachu (#023/128),Pikachu,8.5,16.57,29.9
2026-09-26T10:00:01-03:00,30C,024,Pikachu (#024/128),Pikachu,7.0,17.42,26.9
2026-09-26T10:00:01-03:00,30C,025,Pikachu (#025/128),Pikachu,7.0,16.06,26.9
2026-09-26T10:00:01-03:00,30C,026,Pikachu (#026/128),Pikachu,8.0,15.6,59.9
2026-09-26T10:00:01-03:00,30C,027,Pikachu (#027/128),Pikachu,12.0,26.66,69.89
2026-09-26T10:00:01-03:00,30C,028,Pikachu (#028/128),Pikachu,10.0,25.25,99.9
2026-09-26T10:00:01-03:00,30C,029,Pikachu (#029/128),Pikachu,9.68,21.54,58.0
2026-09-26T10:00:01-03:00,30C,030,Pikachu (#030/128),Pikachu,8.0,17.38,29.9
2026-09-26T10:00:01-03:00,30C,031,Pikachu (#031/128),Pikachu,8.0,18.21,30.0
2026-09-26T10:00:01-03:00,30C,032,Pikachu (#032/128),Pikachu,13.99,49.36,89.9
2026-09-26T10:00:01-03:00,30C,033,Pikachu (#033/128),Pikachu,7.9,14.33,27.0
2026-09-26T10:00:01-03:00,30C,034,Pikachu (#034/128),Pikachu,8.9,36.27,99.9
2026-09-26T10:00:01-03:00,30C,035,Pikachu (#035/128),Pikachu,8.0,18.27,38.99
2026-09-26T10:00:01-03:00,30C,036,Pikachu (#036/128),Pikachu,11.99,17.63,89.9
2026-09-26T10:00:01-03:00,30C,037,Pikachu (#037/128),Pikachu,6.5,18.67,79.9
2026-09-26T10:00:01-03:00,30C,038,Pikachu (#038/128),Pikachu,8.9,16.26,99.9
2026-09-26T10:00:01-03:00,30C,039,Pikachu (#039/128),Pikachu,8.9,22.1,39.9
2026-09-26T10:00:01-03:00,30C,040,Pikachu (#040/128),Pikachu,9.0,43.76,94.9
2026-09-26T10:00:01-03:00,30C,041,Pikachu (#041/128),Pikachu,8.0,14.26,39.9
2026-09-26T10:00:01-03:00,30C,042,Pikachu (#042/128),Pikachu,8.0,17.51,28.9
2026-09-26T10:00:01-03:00,30C,043,Pikachu (#043/128),Pikachu,8.9,17.69,31.9
2026-09-26T10:00:01-03:00,30C,044,Pikachu (#044/128),Pikachu,8.75,16.15,34.9
2026-09-26T10:00:01-03:00,30C,045,Pikachu (#045/128),Pikachu,7.9,18.54,89.9
2026-09-26T10:00:01-03:00,30C,046,Pikachu (#046/128),Pikachu,8.0,14.91,39.9
2026-09-26T10:00:01-03:00,30C,047,Pikachu (#047/128),Pikachu,8.9,12.88,29.9
2026-09-26T10:00:01-03:00,30C,048,Pikachu (#048/128),Pikachu,8.9,20.33,99.9
2026-09-26T10:00:01-03:00,30C,049,Pikachu (#049/128),Pikachu,8.0,17.85,29.9
2026-09-26T10:00:01-03:00,30C,050,Pikachu (#050/128),Pikachu,8.0,36.03,99.9
2026-09-26T10:00:01-03:00,30C,051,Pikachu (#051/128),Pikachu,8.9,18.44,29.9
2026-09-26T10:00:01-03:00,30C,052,Pikachu (#052/128),Pikachu,8.0,19.07,99.9
2026-09-26T10:00:01-03:00,30C,053,Pikachu ex (#053/128),Pikachu ex,15.0,25.19,51.9
2026-09-26T10:00:01-03:00,30C,054,Pikachu ex (#054/128),Pikachu ex,17.9,23.57,51.9
2026-09-26T10:00:01-03:00,30C,055,Zapdos (#055/128),Zapdos,1.49,3.1,14.9
2026-09-26T10:00:01-03:00,30C,056,Zekrom (#056/128),Zekrom,0.93,2.65,14.9
2026-09-26T10:00:01-03:00,30C,057,Zeraora (#057/128),Zeraora,0.99,2.76,7.0
2026-09-26T10:00:01-03:00,30C,058,Toxel (#058/128),Toxel,0.94,1.49,4.9
2026-09-26T10:00:01-03:00,30C,059,Toxtricity (#059/128),Toxtricity,0.97,2.02,5.9
2026-09-26T10:00:01-03:00,30C,060,Toxtricity (#060/128),Toxtricity,0.99,2.47,5.9
2026-09-26T10:00:01-03:00,30C,061,Morpeko (#061/128),Morpeko,0.93,1.89,4.9
2026-09-26T10:00:01-03:00,30C,062,Miraidon (#062/128),Miraidon,0.93,1.55,5.9
2026-09-26T10:00:01-03:00,30C,063,Mewtwo (#063/128),Mewtwo,2.3,8.97,29.9
2026-09-26T10:00:01-03:00,30C,064,Mewtwo ex (#064/128),Mewtwo ex,7.89,13.11,34.99
2026-09-26T10:00:01-03:00,30C,065,Mew (#065/128),Mew,1.5,9.92,49.9
2026-09-26T10:00:01-03:00,30C,066,Mew ex (#066/128),Mew ex,65.0,97.82,119.9
2026-09-26T10:00:01-03:00,30C,067,Marill (#067/128),Marill,0.95,1.76,4.9
2026-09-26T10:00:01-03:00,30C,068,Azumarill (#068/128),Azumarill,0.95,1.95,4.99
2026-09-26T10:00:01-03:00,30C,069,Espeon (#069/128),Espeon,2.0,9.92,39.9
2026-09-26T10:00:01-03:00,30C,070,Espeon ex (#070/128),Espeon ex,10.9,22.51,30.0
2026-09-26T10:00:01-03:00,30C,071,Sylveon ex (#071/128),Sylveon ex,9.48,21.71,49.5
2026-09-26T10:00:01-03:00,30C,072,Unown (#072/128),Unown,1.48,4.41,14.9
2026-09-26T10:00:01-03:00,30C,073,Drifloon (#073/128),Drifloon,0.84,1.75,5.9
2026-09-26T10:00:01-03:00,30C,074,Cresselia (#074/128),Cresselia,0.74,2.07,5.9
2026-09-26T10:00:01-03:00,30C,075,Chandelure (#075/128),Chandelure,0.99,2.22,39.99
2026-09-26T10:00:01-03:00,30C,076,Xerneas (#076/128),Xerneas,0.96,2.38,6.9
2026-09-26T10:00:01-03:00,30C,077,Comfey (#077/128),Comfey,0.75,1.74,5.9
2026-09-26T10:00:01-03:00,30C,078,Cosmog (#078/128),Cosmog,0.97,1.88,5.9
2026-09-26T10:00:01-03:00,30C,079,Cosmoem (#079/128),Cosmoem,0.85,2.27,5.9
2026-09-26T10:00:01-03:00,30C,080,Lunala (#080/128),Lunala,0.97,2.94,6.9
2026-09-26T10:00:01-03:00,30C,081,Gimmighoul (#081/128),Gimmighoul,0.93,1.83,5.9
2026-09-26T10:00:01-03:00,30C,082,Groudon (#082/128),Groudon,0.97,2.53,9.9
2026-09-26T10:00:01-03:00,30C,083,Lucario (#083/128),Lucario,1.49,3.06,13.99
2026-09-26T10:00:01-03:00,30C,084,Seismitoad (#084/128),Seismitoad,0.94,1.48,5.9
2026-09-26T10:00:01-03:00,30C,085,Lycanroc (#085/128),Lycanroc,0.94,2.53,23.99
2026-09-26T10:00:01-03:00,30C,086,Koraidon (#086/128),Koraidon,0.96,2.7,6.9
2026-09-26T10:00:01-03:00,30C,087,Nidoran Female (#087/128),Nidoran Fêmea,0.9,1.44,5.9
2026-09-26T10:00:01-03:00,30C,088,Nidorina (#088/128),Nidorina,0.83,1.88,9.9
2026-09-26T10:00:01-03:00,30C,089,Alolan Meowth (#089/128),Meowth de Alola,0.96,2.32,6.99
2026-09-26T10:00:01-03:00,30C,090,Gengar ex (#090/128),Gengar ex,27.9,37.05,58.0
2026-09-26T10:00:01-03:00,30C,091,Umbreon (#091/128),Umbreon,2.5,20.89,49.9
2026-09-26T10:00:01-03:00,30C,092,Umbreon ex (#092/128),Umbreon ex,14.9,26.06,44.32
2026-09-26T10:00:01-03:00,30C,093,Murkrow (#093/128),Murkrow,0.94,1.82,5.9
2026-09-26T10:00:01-03:00,30C,094,Scraggy (#094/128),Scraggy,0.75,1.85,5.9
2026-09-26T10:00:01-03:00,30C,095,Zorua (#095/128),Zorua,0.98,2.33,5.9
2026-09-26T10:00:01-03:00,30C,096,Zoroark (#096/128),Zoroark,0.98,3.03,7.9
2026-09-26T10:00:01-03:00,30C,097,Deino (#097/128),Deino,0.69,1.87,5.9
2026-09-26T10:00:01-03:00,30C,098,Zweilous (#098/128),Zweilous,0.87,2.09,5.9
2026-09-26T10:00:01-03:00,30C,099,Hydreigon (#099/128),Hydreigon,0.97,2.32,9.9
2026-09-26T10:00:01-03:00,30C,100,Yveltal (#100/128),Yveltal,0.98,3.79,6.9
2026-09-26T10:00:01-03:00,30C,101,Galarian Meowth (#101/128),Meowth de Galar,1.0,2.1,9.9
2026-09-26T10:00:01-03:00,30C,102,Jirachi ex (#102/128),Jirachi ex,3.99,8.45,22.0
2026-09-26T10:00:01-03:00,30C,103,Dialga (#103/128),Dialga,0.96,2.91,8.9
2026-09-26T10:00:01-03:00,30C,104,Ferrothorn (#104/128),Ferrothorn,0.86,1.56,3.99
2026-09-26T10:00:01-03:00,30C,105,Solgaleo (#105/128),Solgaleo,0.96,2.41,6.9
2026-09-26T10:00:01-03:00,30C,106,Zacian (#106/128),Zacian,0.96,3.45,11.9
2026-09-26T10:00:01-03:00,30C,107,Zamazenta (#107/128),Zamazenta,0.94,2.5,9.9
2026-09-26T10:00:01-03:00,30C,108,Gholdengo (#108/128),Gholdengo,0.96,2.26,9.9
2026-09-26T10:00:01-03:00,30C,109,Salamence ex (#109/128),Salamence ex,4.95,8.99,19.9
2026-09-26T10:00:01-03:00,30C,110,Jangmo-o (#110/128),Jangmo-o,0.97,1.79,4.99
2026-09-26T10:00:01-03:00,30C,111,Hakamo-o (#111/128),Hakamo-o,0.95,1.76,4.9
2026-09-26T10:00:01-03:00,30C,112,Kommo-o (#112/128),Kommo-o,0.93,2.14,5.9
2026-09-26T10:00:01-03:00,30C,113,Meowth (#113/128),Meowth,1.14,2.56,10.9
2026-09-26T10:00:01-03:00,30C,114,Kangaskhan (#114/128),Kangaskhan,0.96,2.06,10.9
2026-09-26T10:00:01-03:00,30C,115,Ditto (#115/128),Ditto,1.98,9.19,19.9
2026-09-26T10:00:01-03:00,30C,116,Eevee (#116/128),Eevee,1.99,6.97,20.0
2026-09-26T10:00:01-03:00,30C,117,Eevee (#117/128),Eevee,1.99,10.14,19.9
2026-09-26T10:00:01-03:00,30C,118,Eevee (#118/128),Eevee,2.0,9.53,19.9
2026-09-26T10:00:01-03:00,30C,119,Snorlax (#119/128),Snorlax,1.0,3.08,35.0
2026-09-26T10:00:01-03:00,30C,120,Igglybuff (#120/128),Igglybuff,1.9,7.45,19.9
2026-09-26T10:00:01-03:00,30C,121,Lugia (#121/128),Lugia,1.99,5.59,15.0
2026-09-26T10:00:01-03:00,30C,122,Hisuian Zorua (#122/128),Zorua de Hisui,0.97,1.52,10.9
2026-09-26T10:00:01-03:00,30C,123,Hisuian Zoroark (#123/128),Zoroark de Hisui,0.96,2.75,10.9
2026-09-26T10:00:01-03:00,30C,124,Minior (#124/128),Minior,0.94,2.15,7.0
2026-09-26T10:00:01-03:00,30C,125,Maushold (#125/128),Maushold,1.47,5.89,11.9
2026-09-26T10:00:01-03:00,30C,126,Poké Pad (#126/128),Poké Tablet,6.97,13.39,29.9
2026-09-26T10:00:01-03:00,30C,127,Switch (#127/128),Substituição,1.48,5.41,14.9
2026-09-26T10:00:01-03:00,30C,128,Ultra Ball (#128/128),Ultra Bola,4.49,10.36,24.99
2026-09-26T10:00:01-03:00,30C,129,Alolan Exeggutor (#129/128),Exeggutor de Alola,34.0,46.95,69.9
2026-09-26T10:00:01-03:00,30C,130,Moltres (#130/128),Moltres,63.0,87.18,249.99
2026-09-26T10:00:01-03:00,30C,131,Lapras (#131/128),Lapras,74.0,101.88,225.0
2026-09-26T10:00:01-03:00,30C,132,Articuno (#132/128),Articuno,71.9,110.07,499.9
2026-09-26T10:00:01-03:00,30C,133,Zapdos (#133/128),Zapdos,60.0,120.53,149.9
2026-09-26T10:00:01-03:00,30C,134,Toxtricity (#134/128),Toxtricity,28.0,46.7,99.9
2026-09-26T10:00:01-03:00,30C,135,Morpeko (#135/128),Morpeko,44.0,63.3,200.0
2026-09-26T10:00:01-03:00,30C,136,Drifloon (#136/128),Drifloon,28.0,64.0,249.9
2026-09-26T10:00:01-03:00,30C,137,Chandelure (#137/128),Chandelure,26.9,43.65,109.89
2026-09-26T10:00:01-03:00,30C,138,Lycanroc (#138/128),Lycanroc,19.0,29.73,39.9
2026-09-26T10:00:01-03:00,30C,139,Alolan Meowth (#139/128),Meowth de Alola,62.0,95.95,179.9
2026-09-26T10:00:01-03:00,30C,140,Scraggy (#140/128),Scraggy,16.99,27.36,99.9
2026-09-26T10:00:01-03:00,30C,141,Galarian Meowth (#141/128),Meowth de Galar,69.9,108.33,249.9
2026-09-26T10:00:01-03:00,30C,142,Gholdengo (#142/128),Gholdengo,21.9,32.01,69.89
2026-09-26T10:00:01-03:00,30C,143,Kommo-o (#143/128),Kommo-o,15.9,37.39,219.9
2026-09-26T10:00:01-03:00,30C,144,Meowth (#144/128),Meowth,89.9,144.07,330.0
2026-09-26T10:00:01-03:00,30C,145,Hisuian Zorua (#145/128),Zorua de Hisui,49.9,68.63,150.0
2026-09-26T10:00:01-03:00,30C,146,Maushold (#146/128),Maushold,110.0,241.43,400.0
2026-09-26T10:00:01-03:00,30C,147,Fuecoco ex (#147/128),Fuecoco ex,139.9,199.83,450.0
2026-09-26T10:00:01-03:00,30C,148,Greninja ex (#148/128),Greninja ex,195.0,296.08,999.99
2026-09-26T10:00:01-03:00,30C,149,Pikachu ex (#149/128),Pikachu ex,599.0,811.67,1289.99
2026-09-26T10:00:01-03:00,30C,150,Pikachu ex (#150/128),Pikachu ex,689.0,841.73,1199.9
2026-09-26T10:00:01-03:00,30C,151,Mewtwo ex (#151/128),Mewtwo ex,549.89,980.8,2999.99
2026-09-26T10:00:01-03:00,30C,152,Mew ex (#152/128),Mew ex,750.0,1055.79,5000.0
2026-09-26T10:00:01-03:00,30C,153,Sylveon ex (#153/128),Sylveon ex,420.0,593.78,3500.0
2026-09-26T10:00:01-03:00,30C,154,Gengar ex (#154/128),Gengar ex,687.0,1573.55,2200.0
2026-09-26T10:00:01-03:00,30C,155,Jirachi ex (#155/128),Jirachi ex,340.0,488.02,1199.0
2026-09-26T10:00:01-03:00,30C,156,Salamence ex (#156/128),Salamence ex,132.99,211.54,299.99
2026-09-26T10:00:01-03:00,30C,157,Mewtwo ex (#157/128),Mewtwo ex,526.99,708.31,1695.0
2026-09-26T10:00:01-03:00,30C,158,Mew ex (#158/128),Mew ex,749.0,998.55,5000.0
2026-09-26T10:00:01-03:00,30C-C,004,Charizard (#004/30),Charizard,1300.0,1715.31,5000.0
2026-09-26T10:00:01-03:00,30C-C,005,Delcatty (#005/30),Delcatty,55.0,74.83,199.99
2026-09-26T10:00:01-03:00,30C-C,011,Metagross (#011/30),Metagross,79.0,111.37,300.0
2026-09-26T10:00:01-03:00,30C-C,011b,Genesect-EX (#011b/30),Genesect-EX,66.0,108.69,199.0
2026-09-26T10:00:01-03:00,30C-C,018,Misty (#018/30),Misty,95.0,146.85,229.0
2026-09-26T10:00:01-03:00,30C-C,019,Dark Tyranitar (#019/30),Tyranitar Sombrio,119.9,183.53,299.9
2026-09-26T10:00:01-03:00,30C-C,025,Sneasel (#025/30),Sneasel,55.9,97.27,500.0
2026-09-26T10:00:01-03:00,30C-C,033,Pikachu & Zekrom-GX (#033/30),Pikachu e Zekrom-GX,370.0,379.01,400.0
2026-09-26T10:00:01-03:00,30C-C,041,Greninja BREAK (#041/30),Greninja TURBO,80.0,104.22,199.99
2026-09-26T10:00:01-03:00,30C-C,043,Uxie (#043/30),Uxie,47.9,86.76,159.9
2026-09-26T10:00:01-03:00,30C-C,047,Crobat G (#047/30),Crobat G,56.0,196.54,360.0
2026-09-26T10:00:01-03:00,30C-C,050,Raikou (#050/30),Raikou,45.0,80.05,199.9
2026-09-26T10:00:01-03:00,30C-C,057,Buzzwole-GX (#057/30),Buzzwole-GX,45.0,85.72,149.5
2026-09-26T10:00:01-03:00,30C-C,058,Pikachu (#058/30),Pikachu,227.99,308.33,399.0
2026-09-26T10:00:01-03:00,30C-C,069,Erika's Jigglypuff (#069/30),Jigglypuff da Érica,94.0,143.46,198.89
2026-09-26T10:00:01-03:00,30C-C,085,Rayquaza-EX (#085/30),Rayquaza-EX,140.0,217.91,299.9
2026-09-26T10:00:01-03:00,30C-C,089,Solgaleo-GX (#089/30),Solgaleo-GX,74.75,108.98,199.0
2026-09-26T10:00:01-03:00,30C-C,094,Gengar (#094/30),Gengar,389.0,659.12,1299.0
2026-09-26T10:00:01-03:00,30C-C,099,Darkrai & Cresselia LEGEND (#099/30),Darkrai & Cresselia LENDA,170.63,267.89,299.9
2026-09-26T10:00:01-03:00,30C-C,100,Darkrai & Cresselia LEGEND (#100/30),Darkrai & Cresselia LENDA,139.9,203.36,289.9
2026-09-26T10:00:01-03:00,30C-C,101,N (#101/30),N,148.0,206.74,700.0
2026-09-26T10:00:01-03:00,30C-C,106,Palkia LV.X (#106/30),Palkia LV.X,189.0,357.14,550.0
2026-09-26T10:00:01-03:00,30C-C,106b,M Gardevoir-EX (#106b/30),M Gardevoir-EX,120.0,218.37,250.0
2026-09-26T10:00:01-03:00,30C-C,106c,Shining Celebi (#106c/30),Celebi Luminescente,229.0,524.55,1200.0
2026-09-26T10:00:01-03:00,30C-C,108,Scizor ex (#108/30),Scizor ex,89.0,114.95,149.89
2026-09-26T10:00:01-03:00,30C-C,114,Mew-VMAX (#114/30),Mew-VMAX,122.0,158.86,200.0
2026-09-26T10:00:01-03:00,30C-C,123,Arceus-VSTAR (#123/30),Arceus-V-ASTRO,450.0,560.0,849.99
2026-09-26T10:00:01-03:00,30C-C,138,Zacian-V (#138/30),Zacian-V,99.0,248.38,450.0
2026-09-26T10:00:01-03:00,30C-C,149,Lugia (#149/30),Lugia,850.0,1239.96,2449.9
2026-09-26T10:00:01-03:00,30C-C,203,Magikarp (#203/30),Magikarp,520.0,699.91,999.99
2026-09-26T11:00:01-03:00,30C,001,Exeggcute (#001/128),Exeggcute,0.89,1.45,4.9
2026-09-26T11:00:01-03:00,30C,002,Alolan Exeggutor (#002/128),Exeggutor de Alola,1.5,2.38,6.99
2026-09-26T11:00:01-03:00,30C,003,Volbeat (#003/128),Volbeat,0.97,2.0,4.9
2026-09-26T11:00:01-03:00,30C,004,Illumise (#004/128),Illumise,0.89,1.82,4.9
2026-09-26T11:00:01-03:00,30C,005,Tropius (#005/128),Tropius,0.7,1.63,7.0
2026-09-26T11:00:01-03:00,30C,006,Cherubi (#006/128),Cherubi,0.68,1.63,4.9
2026-09-26T11:00:01-03:00,30C,007,Cherrim (#007/128),Cherrim,0.79,1.74,4.9
2026-09-26T11:00:01-03:00,30C,008,Vivillon (#008/128),Vivillon,0.86,1.44,5.9
2026-09-26T11:00:01-03:00,30C,009,Vulpix (#009/128),Vulpix,0.89,1.56,9.9
2026-09-26T11:00:01-03:00,30C,010,Ninetales (#010/128),Ninetales,1.0,2.3,4.9
2026-09-26T11:00:01-03:00,30C,011,Moltres (#011/128),Moltres,1.5,4.73,14.9
2026-09-26T11:00:01-03:00,30C,012,Ho-Oh (#012/128),Ho-Oh,1.5,4.66,9.9
2026-09-26T11:00:01-03:00,30C,013,Victini (#013/128),Victini,1.01,2.67,9.9
2026-09-26T11:00:01-03:00,30C,014,Reshiram (#014/128),Reshiram,0.91,2.5,8.9
2026-09-26T11:00:01-03:00,30C,015,Fuecoco ex (#015/128),Fuecoco ex,4.88,10.98,39.9
2026-09-26T11:00:01-03:00,30C,016,Slowpoke (#016/128),Slowpoke,0.96,2.6,9.9
2026-09-26T11:00:01-03:00,30C,017,Lapras (#017/128),Lapras,1.34,3.04,19.9
2026-09-26T11:00:01-03:00,30C,018,Articuno (#018/128),Articuno,1.47,4.89,34.9
2026-09-26T11:00:01-03:00,30C,019,Kyogre (#019/128),Kyogre,0.94,4.29,9.9
2026-09-26T11:00:01-03:00,30C,020,Palkia (#020/128),Palkia,1.47,2.97,9.9
2026-09-26T11:00:01-03:00,30C,021,Greninja ex (#021/128),Greninja ex,8.9,16.45,39.9
2026-09-26T11:00:01-03:00,30C,022,Wishiwashi (#022/128),Wishiwashi,0.9,1.5,5.0
2026-09-26T11:00:01-03:00,30C,023,Pikachu (#023/128),Pikachu,8.5,16.57,29.9
2026-09-26T11:00:01-03:00,30C,024,Pikachu (#024/128),Pikachu,7.0,17.42,26.9
2026-09-26T11:00:01-03:00,30C,025,Pikachu (#025/128),Pikachu,7.0,16.06,26.9
2026-09-26T11:00:01-03:00,30C,026,Pikachu (#026/128),Pikachu,8.0,15.6,59.9
2026-09-26T11:00:01-03:00,30C,027,Pikachu (#027/128),Pikachu,12.0,26.66,69.89
2026-09-26T11:00:01-03:00,30C,028,Pikachu (#028/128),Pikachu,10.0,25.25,99.9
2026-09-26T11:00:01-03:00,30C,029,Pikachu (#029/128),Pikachu,9.68,21.54,58.0
2026-09-26T11:00:01-03:00,30C,030,Pikachu (#030/128),Pikachu,8.0,17.38,29.9
2026-09-26T11:00:01-03:00,30C,031,Pikachu (#031/128),Pikachu,8.0,18.21,30.0
2026-09-26T11:00:01-03:00,30C,032,Pikachu (#032/128),Pikachu,13.99,49.36,89.9
2026-09-26T11:00:01-03:00,30C,033,Pikachu (#033/128),Pikachu,7.9,14.33,27.0
2026-09-26T11:00:01-03:00,30C,034,Pikachu (#034/128),Pikachu,8.9,36.27,99.9
2026-09-26T11:00:01-03:00,30C,035,Pikachu (#035/128),Pikachu,8.0,18.27,38.99
2026-09-26T11:00:01-03:00,30C,036,Pikachu (#036/128),Pikachu,11.99,17.63,89.9
2026-09-26T11:00:01-03:00,30C,037,Pikachu (#037/128),Pikachu,6.5,18.67,79.9
2026-09-26T11:00:01-03:00,30C,038,Pikachu (#038/128),Pikachu,8.9,16.26,99.9
2026-09-26T11:00:01-03:00,30C,039,Pikachu (#039/128),Pikachu,8.9,22.1,39.9
2026-09-26T11:00:01-03:00,30C,040,Pikachu (#040/128),Pikachu,9.0,43.76,94.9
2026-09-26T11:00:01-03:00,30C,041,Pikachu (#041/128),Pikachu,8.0,14.26,39.9
2026-09-26T11:00:01-03:00,30C,042,Pikachu (#042/128),Pikachu,8.0,17.51,28.9
2026-09-26T11:00:01-03:00,30C,043,Pikachu (#043/128),Pikachu,8.9,17.69,31.9
2026-09-26T11:00:01-03:00,30C,044,Pikachu (#044/128),Pikachu,8.75,16.15,34.9
2026-09-26T11:00:01-03:00,30C,045,Pikachu (#045/128),Pikachu,7.9,18.54,89.9
2026-09-26T11:00:01-03:00,30C,046,Pikachu (#046/128),Pikachu,8.0,14.91,39.9
2026-09-26T11:00:01-03:00,30C,047,Pikachu (#047/128),Pikachu,8.9,12.88,29.9
2026-09-26T11:00:01-03:00,30C,048,Pikachu (#048/128),Pikachu,8.9,20.33,99.9
2026-09-26T11:00:01-03:00,30C,049,Pikachu (#049/128),Pikachu,8.0,17.85,29.9
2026-09-26T11:00:01-03:00,30C,050,Pikachu (#050/128),Pikachu,8.0,36.03,99.9
2026-09-26T11:00:01-03:00,30C,051,Pikachu (#051/128),Pikachu,8.9,18.44,29.9
2026-09-26T11:00:01-03:00,30C,052,Pikachu (#052/128),Pikachu,8.0,19.07,99.9
2026-09-26T11:00:01-03:00,30C,053,Pikachu ex (#053/128),Pikachu ex,15.0,25.19,51.9
2026-09-26T11:00:01-03:00,30C,054,Pikachu ex (#054/128),Pikachu ex,17.9,23.57,51.9
2026-09-26T11:00:01-03:00,30C,055,Zapdos (#055/128),Zapdos,1.49,3.1,14.9
2026-09-26T11:00:01-03:00,30C,056,Zekrom (#056/128),Zekrom,0.93,2.65,14.9
2026-09-26T11:00:01-03:00,30C,057,Zeraora (#057/128),Zeraora,0.99,2.76,7.0
2026-09-26T11:00:01-03:00,30C,058,Toxel (#058/128),Toxel,0.94,1.49,4.9
2026-09-26T11:00:01-03:00,30C,059,Toxtricity (#059/128),Toxtricity,0.97,2.02,5.9
2026-09-26T11:00:01-03:00,30C,060,Toxtricity (#060/128),Toxtricity,0.99,2.47,5.9
2026-09-26T11:00:01-03:00,30C,061,Morpeko (#061/128),Morpeko,0.93,1.89,4.9
2026-09-26T11:00:01-03:00,30C,062,Miraidon (#062/128),Miraidon,0.93,1.55,5.9
2026-09-26T11:00:01-03:00,30C,063,Mewtwo (#063/128),Mewtwo,2.3,8.97,29.9
2026-09-26T11:00:01-03:00,30C,064,Mewtwo ex (#064/128),Mewtwo ex,7.89,13.11,34.99
2026-09-26T11:00:01-03:00,30C,065,Mew (#065/128),Mew,1.5,9.92,49.9
2026-09-26T11:00:01-03:00,30C,066,Mew ex (#066/128),Mew ex,65.0,97.82,119.9
2026-09-26T11:00:01-03:00,30C,067,Marill (#067/128),Marill,0.95,1.76,4.9
2026-09-26T11:00:01-03:00,30C,068,Azumarill (#068/128),Azumarill,0.95,1.95,4.99
2026-09-26T11:00:01-03:00,30C,069,Espeon (#069/128),Espeon,2.0,9.92,39.9
2026-09-26T11:00:01-03:00,30C,070,Espeon ex (#070/128),Espeon ex,10.9,22.51,30.0
2026-09-26T11:00:01-03:00,30C,071,Sylveon ex (#071/128),Sylveon ex,9.48,21.71,49.5
2026-09-26T11:00:01-03:00,30C,072,Unown (#072/128),Unown,1.48,4.41,14.9
2026-09-26T11:00:01-03:00,30C,073,Drifloon (#073/128),Drifloon,0.84,1.75,5.9
2026-09-26T11:00:01-03:00,30C,074,Cresselia (#074/128),Cresselia,0.74,2.07,5.9
2026-09-26T11:00:01-03:00,30C,075,Chandelure (#075/128),Chandelure,0.99,2.22,39.99
2026-09-26T11:00:01-03:00,30C,076,Xerneas (#076/128),Xerneas,0.96,2.38,6.9
2026-09-26T11:00:01-03:00,30C,077,Comfey (#077/128),Comfey,0.75,1.74,5.9
2026-09-26T11:00:01-03:00,30C,078,Cosmog (#078/128),Cosmog,0.97,1.88,5.9
2026-09-26T11:00:01-03:00,30C,079,Cosmoem (#079/128),Cosmoem,0.85,2.27,5.9
2026-09-26T11:00:01-03:00,30C,080,Lunala (#080/128),Lunala,0.97,2.94,6.9
2026-09-26T11:00:01-03:00,30C,081,Gimmighoul (#081/128),Gimmighoul,0.93,1.83,5.9
2026-09-26T11:00:01-03:00,30C,082,Groudon (#082/128),Groudon,0.97,2.53,9.9
2026-09-26T11:00:01-03:00,30C,083,Lucario (#083/128),Lucario,1.49,3.06,13.99
2026-09-26T11:00:01-03:00,30C,084,Seismitoad (#084/128),Seismitoad,0.94,1.48,5.9
2026-09-26T11:00:01-03:00,30C,085,Lycanroc (#085/128),Lycanroc,0.94,2.53,23.99
2026-09-26T11:00:01-03:00,30C,086,Koraidon (#086/128),Koraidon,0.96,2.7,6.9
2026-09-26T11:00:01-03:00,30C,087,Nidoran Female (#087/128),Nidoran Fêmea,0.9,1.44,5.9
2026-09-26T11:00:01-03:00,30C,088,Nidorina (#088/128),Nidorina,0.83,1.88,9.9
2026-09-26T11:00:01-03:00,30C,089,Alolan Meowth (#089/128),Meowth de Alola,0.96,2.32,6.99
2026-09-26T11:00:01-03:00,30C,090,Gengar ex (#090/128),Gengar ex,27.9,37.05,58.0
2026-09-26T11:00:01-03:00,30C,091,Umbreon (#091/128),Umbreon,2.5,20.89,49.9
2026-09-26T11:00:01-03:00,30C,092,Umbreon ex (#092/128),Umbreon ex,14.9,26.06,44.32
2026-09-26T11:00:01-03:00,30C,093,Murkrow (#093/128),Murkrow,0.94,1.82,5.9
2026-09-26T11:00:01-03:00,30C,094,Scraggy (#094/128),Scraggy,0.75,1.85,5.9
2026-09-26T11:00:01-03:00,30C,095,Zorua (#095/128),Zorua,0.98,2.33,5.9
2026-09-26T11:00:01-03:00,30C,096,Zoroark (#096/128),Zoroark,0.98,3.03,7.9
2026-09-26T11:00:01-03:00,30C,097,Deino (#097/128),Deino,0.69,1.87,5.9
2026-09-26T11:00:01-03:00,30C,098,Zweilous (#098/128),Zweilous,0.87,2.09,5.9
2026-09-26T11:00:01-03:00,30C,099,Hydreigon (#099/128),Hydreigon,0.97,2.32,9.9
2026-09-26T11:00:01-03:00,30C,100,Yveltal (#100/128),Yveltal,0.98,3.79,6.9
2026-09-26T11:00:01-03:00,30C,101,Galarian Meowth (#101/128),Meowth de Galar,1.0,2.1,9.9
2026-09-26T11:00:01-03:00,30C,102,Jirachi ex (#102/128),Jirachi ex,3.99,8.45,22.0
2026-09-26T11:00:01-03:00,30C,103,Dialga (#103/128),Dialga,0.96,2.91,8.9
2026-09-26T11:00:01-03:00,30C,104,Ferrothorn (#104/128),Ferrothorn,0.86,1.56,3.99
2026-09-26T11:00:01-03:00,30C,105,Solgaleo (#105/128),Solgaleo,0.96,2.41,6.9
2026-09-26T11:00:01-03:00,30C,106,Zacian (#106/128),Zacian,0.96,3.45,11.9
2026-09-26T11:00:01-03:00,30C,107,Zamazenta (#107/128),Zamazenta,0.94,2.5,9.9
2026-09-26T11:00:01-03:00,30C,108,Gholdengo (#108/128),Gholdengo,0.96,2.26,9.9
2026-09-26T11:00:01-03:00,30C,109,Salamence ex (#109/128),Salamence ex,4.95,8.99,19.9
2026-09-26T11:00:01-03:00,30C,110,Jangmo-o (#110/128),Jangmo-o,0.97,1.79,4.99
2026-09-26T11:00:01-03:00,30C,111,Hakamo-o (#111/128),Hakamo-o,0.95,1.76,4.9
2026-09-26T11:00:01-03:00,30C,112,Kommo-o (#112/128),Kommo-o,0.93,2.14,5.9
2026-09-26T11:00:01-03:00,30C,113,Meowth (#113/128),Meowth,1.14,2.56,10.9
2026-09-26T11:00:01-03:00,30C,114,Kangaskhan (#114/128),Kangaskhan,0.96,2.06,10.9
2026-09-26T11:00:01-03:00,30C,115,Ditto (#115/128),Ditto,1.98,9.19,19.9
2026-09-26T11:00:01-03:00,30C,116,Eevee (#116/128),Eevee,1.99,6.97,20.0
2026-09-26T11:00:01-03:00,30C,117,Eevee (#117/128),Eevee,1.99,10.14,19.9
2026-09-26T11:00:01-03:00,30C,118,Eevee (#118/128),Eevee,2.0,9.53,19.9
2026-09-26T11:00:01-03:00,30C,119,Snorlax (#119/128),Snorlax,1.0,3.08,35.0
2026-09-26T11:00:01-03:00,30C,120,Igglybuff (#120/128),Igglybuff,1.9,7.45,19.9
2026-09-26T11:00:01-03:00,30C,121,Lugia (#121/128),Lugia,1.99,5.59,15.0
2026-09-26T11:00:01-03:00,30C,122,Hisuian Zorua (#122/128),Zorua de Hisui,0.97,1.52,10.9
2026-09-26T11:00:01-03:00,30C,123,Hisuian Zoroark (#123/128),Zoroark de Hisui,0.96,2.75,10.9
2026-09-26T11:00:01-03:00,30C,124,Minior (#124/128),Minior,0.94,2.15,7.0
2026-09-26T11:00:01-03:00,30C,125,Maushold (#125/128),Maushold,1.47,5.89,11.9
2026-09-26T11:00:01-03:00,30C,126,Poké Pad (#126/128),Poké Tablet,6.97,13.39,29.9
2026-09-26T11:00:01-03:00,30C,127,Switch (#127/128),Substituição,1.48,5.41,14.9
2026-09-26T11:00:01-03:00,30C,128,Ultra Ball (#128/128),Ultra Bola,4.49,10.36,24.99
2026-09-26T11:00:01-03:00,30C,129,Alolan Exeggutor (#129/128),Exeggutor de Alola,34.0,46.95,69.9
2026-09-26T11:00:01-03:00,30C,130,Moltres (#130/128),Moltres,63.0,87.18,249.99
2026-09-26T11:00:01-03:00,30C,131,Lapras (#131/128),Lapras,74.0,101.88,225.0
2026-09-26T11:00:01-03:00,30C,132,Articuno (#132/128),Articuno,71.9,110.07,499.9
2026-09-26T11:00:01-03:00,30C,133,Zapdos (#133/128),Zapdos,60.0,120.53,149.9
2026-09-26T11:00:01-03:00,30C,134,Toxtricity (#134/128),Toxtricity,28.0,46.7,99.9
2026-09-26T11:00:01-03:00,30C,135,Morpeko (#135/128),Morpeko,44.0,63.3,200.0
2026-09-26T11:00:01-03:00,30C,136,Drifloon (#136/128),Drifloon,28.0,64.0,249.9
2026-09-26T11:00:01-03:00,30C,137,Chandelure (#137/128),Chandelure,26.9,43.65,109.89
2026-09-26T11:00:01-03:00,30C,138,Lycanroc (#138/128),Lycanroc,19.0,29.73,39.9
2026-09-26T11:00:01-03:00,30C,139,Alolan Meowth (#139/128),Meowth de Alola,62.0,95.95,179.9
2026-09-26T11:00:01-03:00,30C,140,Scraggy (#140/128),Scraggy,16.99,27.36,99.9
2026-09-26T11:00:01-03:00,30C,141,Galarian Meowth (#141/128),Meowth de Galar,69.9,108.33,249.9
2026-09-26T11:00:01-03:00,30C,142,Gholdengo (#142/128),Gholdengo,21.9,32.01,69.89
2026-09-26T11:00:01-03:00,30C,143,Kommo-o (#143/128),Kommo-o,15.9,37.39,219.9
2026-09-26T11:00:01-03:00,30C,144,Meowth (#144/128),Meowth,89.9,144.07,330.0
2026-09-26T11:00:01-03:00,30C,145,Hisuian Zorua (#145/128),Zorua de Hisui,49.9,68.63,150.0
2026-09-26T11:00:01-03:00,30C,146,Maushold (#146/128),Maushold,110.0,241.43,400.0
2026-09-26T11:00:01-03:00,30C,147,Fuecoco ex (#147/128),Fuecoco ex,139.9,199.83,450.0
2026-09-26T11:00:01-03:00,30C,148,Greninja ex (#148/128),Greninja ex,195.0,296.08,999.99
2026-09-26T11:00:01-03:00,30C,149,Pikachu ex (#149/128),Pikachu ex,599.0,811.67,1289.99
2026-09-26T11:00:01-03:00,30C,150,Pikachu ex (#150/128),Pikachu ex,689.0,841.73,1199.9
2026-09-26T11:00:01-03:00,30C,151,Mewtwo ex (#151/128),Mewtwo ex,549.89,980.8,2999.99
2026-09-26T11:00:01-03:00,30C,152,Mew ex (#152/128),Mew ex,750.0,1055.79,5000.0
2026-09-26T11:00:01-03:00,30C,153,Sylveon ex (#153/128),Sylveon ex,420.0,593.78,3500.0
2026-09-26T11:00:01-03:00,30C,154,Gengar ex (#154/128),Gengar ex,687.0,1573.55,2200.0
2026-09-26T11:00:01-03:00,30C,155,Jirachi ex (#155/128),Jirachi ex,340.0,488.02,1199.0
2026-09-26T11:00:01-03:00,30C,156,Salamence ex (#156/128),Salamence ex,132.99,211.54,299.99
2026-09-26T11:00:01-03:00,30C,157,Mewtwo ex (#157/128),Mewtwo ex,526.99,708.31,1695.0
2026-09-26T11:00:01-03:00,30C,158,Mew ex (#158/128),Mew ex,749.0,998.55,5000.0
2026-09-26T11:00:01-03:00,30C-C,004,Charizard (#004/30),Charizard,1300.0,1715.31,5000.0
2026-09-26T11:00:01-03:00,30C-C,005,Delcatty (#005/30),Delcatty,55.0,74.83,199.99
2026-09-26T11:00:01-03:00,30C-C,011,Metagross (#011/30),Metagross,79.0,111.37,300.0
2026-09-26T11:00:01-03:00,30C-C,011b,Genesect-EX (#011b/30),Genesect-EX,66.0,108.69,199.0
2026-09-26T11:00:01-03:00,30C-C,018,Misty (#018/30),Misty,95.0,146.85,229.0
2026-09-26T11:00:01-03:00,30C-C,019,Dark Tyranitar (#019/30),Tyranitar Sombrio,119.9,183.53,299.9
2026-09-26T11:00:01-03:00,30C-C,025,Sneasel (#025/30),Sneasel,55.9,97.27,500.0
2026-09-26T11:00:01-03:00,30C-C,033,Pikachu & Zekrom-GX (#033/30),Pikachu e Zekrom-GX,370.0,379.01,400.0
2026-09-26T11:00:01-03:00,30C-C,041,Greninja BREAK (#041/30),Greninja TURBO,80.0,104.22,199.99
2026-09-26T11:00:01-03:00,30C-C,043,Uxie (#043/30),Uxie,47.9,86.76,159.9
2026-09-26T11:00:01-03:00,30C-C,047,Crobat G (#047/30),Crobat G,56.0,196.54,360.0
2026-09-26T11:00:01-03:00,30C-C,050,Raikou (#050/30),Raikou,45.0,80.05,199.9
2026-09-26T11:00:01-03:00,30C-C,057,Buzzwole-GX (#057/30),Buzzwole-GX,45.0,85.72,149.5
2026-09-26T11:00:01-03:00,30C-C,058,Pikachu (#058/30),Pikachu,227.99,308.33,399.0
2026-09-26T11:00:01-03:00,30C-C,069,Erika's Jigglypuff (#069/30),Jigglypuff da Érica,94.0,143.46,198.89
2026-09-26T11:00:01-03:00,30C-C,085,Rayquaza-EX (#085/30),Rayquaza-EX,140.0,217.91,299.9
2026-09-26T11:00:01-03:00,30C-C,089,Solgaleo-GX (#089/30),Solgaleo-GX,74.75,108.98,199.0
2026-09-26T11:00:01-03:00,30C-C,094,Gengar (#094/30),Gengar,389.0,659.12,1299.0
2026-09-26T11:00:01-03:00,30C-C,099,Darkrai & Cresselia LEGEND (#099/30),Darkrai & Cresselia LENDA,170.63,267.89,299.9
2026-09-26T11:00:01-03:00,30C-C,100,Darkrai & Cresselia LEGEND (#100/30),Darkrai & Cresselia LENDA,139.9,203.36,289.9
2026-09-26T11:00:01-03:00,30C-C,101,N (#101/30),N,148.0,206.74,700.0
2026-09-26T11:00:01-03:00,30C-C,106,Palkia LV.X (#106/30),Palkia LV.X,189.0,357.14,550.0
2026-09-26T11:00:01-03:00,30C-C,106b,M Gardevoir-EX (#106b/30),M Gardevoir-EX,120.0,218.37,250.0
2026-09-26T11:00:01-03:00,30C-C,106c,Shining Celebi (#106c/30),Celebi Luminescente,229.0,524.55,1200.0
2026-09-26T11:00:01-03:00,30C-C,108,Scizor ex (#108/30),Scizor ex,89.0,114.95,149.89
2026-09-26T11:00:01-03:00,30C-C,114,Mew-VMAX (#114/30),Mew-VMAX,122.0,158.86,200.0
2026-09-26T11:00:01-03:00,30C-C,123,Arceus-VSTAR (#123/30),Arceus-V-ASTRO,450.0,560.0,849.99
2026-09-26T11:00:01-03:00,30C-C,138,Zacian-V (#138/30),Zacian-V,99.0,248.38,450.0
2026-09-26T11:00:01-03:00,30C-C,149,Lugia (#149/30),Lugia,850.0,1239.96,2449.9
2026-09-26T11:00:01-03:00,30C-C,203,Magikarp (#203/30),Magikarp,520.0,699.91,999.99
